<Abbas_Adham>,<male>,
<Abbas_Ahmad_Akhoundi>,<male>,"عباس احمد آخوندی"@fas
<Abbas_Ali_Khalatbari>,<male>,"عباسعلي خلعتبري"@fas
<Abbas_Ali_Khan>,<male>,
<Abbas_Almohri>,,
<Abbas_Aram>,<male>,
<Abbas_Foroughi_Bastami>,,"فروغي بسطامي"@fas
<Abbas_Maleki>,<male>,"عباس ملكي"@fas
<Abdol-Hossein_Mirza_Farmanfarma>,,"عبدالحسين خان فرمانفرما"@fas
<Abdolali_Bazargan>,,
<Abdolhossein_Hazhir>,<male>,"هژير"@fas
<Abdolhossein_Teymourtash>,<male>,"عبدالحسین تیمورتاش"@fas
<Abdollah_Javadi-Amoli>,<male>,"عبد الله جوادي آملي"@fas
<Abdollah_Nouri>,<male>,"عبدالله نوري"@fas
<Abdolmajid_Pirzadeh_Jahromi>,<male>,
<Abdolmalek_Rigi>,<male>,"مالك ريگي"@fas
<Abdolreza_Mesri>,<male>,"عبدالرضا مصري"@fas
<Abdolreza_Rahmani_Fazli>,<male>,"رحمانی فضلی"@fas
<Abdolvahed_Mousavi_Lari>,<male>,"عبدالواحد موسوي لاري"@fas
<Abdol_Hossein_Sardari>,<male>,"عبدالحسين سردري"@fas
<Abdol_Majid_Mirza>,,"عین‌الدوله"@fas
<Abdul-Karim_Mousavi_Ardebili>,<male>,"موسوي اردبيلي"@fas
<Abdullah_Entezam>,<male>,"عبدالله انتظام وزیری"@fas
<Abol-Ghasem_Kashani>,<male>,"سیدابوالقاسم کاشانی"@fas
<Abolfazl_Fateh>,<male>,"ابوالفضل فاتح"@fas
<Abolghasem_Khazali>,<male>,
<Abolhassan_Banisadr>,<male>,"بنی‌صدر"@fas
<Abolhassan_Diba>,<male>,
<Abolqasem_Najm>,<male>,"نجم الملك"@fas
<Abu_Muslim_Khorasani>,<male>,"ابو‌مسلم"@fas
<Adly_Mansour>,,
<Aga_Khan_III>,,
<Ahmad_Amir-Ahmadi>,<male>,"احمداقا سرتيپ"@fas
<Ahmad_Bourghani>,<male>,"احمد بورقانی"@fas
<Ahmad_Hussein_Adl>,<male>,
<Ahmad_ibn_Nizam_al-Mulk>,,
<Ahmad_Jannati>,<male>,"آيت الله جنتي"@fas
<Ahmad_Khomeini>,<male>,"سيد احمد خميني"@fas
<Ahmad_Khorram>,<male>,"احمد خرم"@fas
<Ahmad_Madani>,<male>,"احمد مدني"@fas
<Ahmad_Masjed-Jamei>,<male>,"احمد مسجد جامعي"@fas
<Ahmad_Matin-Daftari>,<male>,"متین الدوله"@fas
<Ahmad_Mirfendereski>,<male>,
<Ahmad_Moftizadeh>,<male>,"احمد مفتی‌زاده"@fas
<Ahmad_Motamedi>,<male>,
<Ahmad_Qavam>,<male>,"احمد قوام السلطنه"@fas
<Ahmad_Sadegh-Bonab>,<male>,
<Ahmad_Sayyed_Javadi>,<male>,"احمد صدرحاج سید جوادی"@fas
<Ahmad_Tavakkoli>,<male>,"احمد توکلی"@fas
<Ahmad_Vahidi>,<male>,"سردار احمد وحیدی"@fas
<Akbar_Hashemi_Rafsanjani>,<male>,
<Akbar_Mohammadi_(student)>,<male>,"اکبر محمدی (فعال دانشجویی)"@fas
<Akbar_Torkan>,<male>,"اكبر تركان"@fas
<Al-Muqanna>,<male>,"مقنع"@fas
<Ali-Akbar_Davar>,<male>,"علي اكبر داور"@fas
<Ali-Akbar_Dehkhoda>,<male>,"میرزا علی‌اکبر خان قزوینی"@fas
<Ali-Akbar_Zargham>,<male>,
<Ali-Qoli_Khan_Bakhtiari>,<male>,"عليقلي سرداراسعد"@fas
<Ali-Reza_Asgari>,<male>,"علیرضا عسگری"@fas
<Ali-Reza_Pahlavi>,,
<Alireza_Ali_Ahmadi>,<male>,"علیرضا علی‌احمدی"@fas
<Alireza_Marandi>,<male>,"علي رضا مرندي"@fas
<Alireza_Nourizadeh>,<male>,"علی‌رضا نوری‌زاده"@fas
<Alireza_Sheikhattar>,<male>,
<Alireza_Tahmasbi>,<male>,"علیرضا طهماسبی"@fas
<Alireza_Zakani>,<male>,"عليرضا زاكاني"@fas
<Ali_Akbar_Bahman>,<male>,
<Ali_Akbar_Javanfekr>,<male>,"علي اكبر جوانفكر"@fas
<Ali_Akbar_Mehrabian>,<male>,"علي اكبر محرابيان"@fas
<Ali_Akbar_Mohtashamipur>,<male>,"علي اكبر محتشمي"@fas
<Ali_Akbar_Moinfar>,<male>,
<Ali_Akbar_Nategh-Nouri>,<male>,"علی‌اکبر ناطق نوری"@fas
<Ali_Akbar_Salehi>,<male>,"علی‌اکبر صالحی"@fas
<Ali_Akbar_Siassi>,<male>,
<Ali_Akbar_Velayati>,<male>,"علی‌اکبر ولایتی"@fas
<Ali_Amini>,<male>,"علی امینی"@fas
<Ali_Dashti>,<male>,"علی دشتی"@fas
<Ali_Fallahian>,<male>,"فلاحیان"@fas
<Ali_Jannati>,<male>,"علی جنتی"@fas
<Ali_Khamenei>,<male>,"ایه‌الله خامنه‌ای"@fas
<Ali_Khatami>,<male>,
<Ali_Kordan>,<male>,"علي كردان"@fas
<Ali_Larijani>,<male>,"علي املي لاريجاني"@fas
<Ali_Mansur>,<male>,"منصور الملک"@fas
<Ali_Meshkini>,<male>,"ایت‌الله مشکینی"@fas
<Ali_Mohammad_Besharati>,<male>,
<Ali_Motahari>,<male>,"علي مطهري"@fas
<Ali_Murad_Davudi>,<male>,"عليمراد داودي"@fas
<Ali_Nikzad>,<male>,"نیکزاد"@fas
<Ali_Rabiei>,<male>,"علی ربیعی"@fas
<Ali_Reza_Khan_Azod_al-Molk>,<male>,
<Ali_Reza_Pahlavi_I>,,
<Ali_Shakouri-Rad>,<male>,"علی شکوری‌راد"@fas
<Ali_Shamkhani>,<male>,"شمخانی"@fas
<Ali_Shariatmadari>,<male>,"علي شريعتمداري"@fas
<Ali_Shayegan>,<male>,"دكتر شايگان"@fas
<Ali_Soheili>,<male>,"علی سهیلی"@fas
<Ali_Tayebnia>,<male>,
<Ali_Younesi>,<male>,"علي يونسي"@fas
<Amanullah_Jahanbani>,<male>,"امان الله جهانباني"@fas
<Amir-Abbas_Hoveyda>,<male>,"عباس هويدا"@fas
<Amirreza_Amirbakhtiar>,<male>,"اميررضا اميربختيار"@fas
<Amir_Abdollah_Tahmasebi>,<male>,"عبدالله‌خان امیر طهماسبی"@fas
<Amir_Arshad>,<male>,
<Amir_Kabir>,<male>,"میرزا تقی خان امیر کبیر"@fas
<Amir_Khosrow_Afshar>,<male>,
<Amir_Mohebbian>,<male>,"امير محبيان"@fas
<Amir_Reza_Khadem>,<male>,"اميررضا خادم"@fas
<ar/أمير_عباس_هويدا>,,
<ar/إبراهيم_مردوخي>,,
<ar/حسن_‌أمیني>,,"حسن اميني"@fas
<ar/سياماك_ميرسيدي>,,
<ar/عبد_الرحمن_بيراني>,,
<ar/محمود_ويسي>,,
<ar/ناصر_سبحاني>,,"ناصر سبحاني/موقت"@fas
<Ardeshir_Zahedi>,<male>,"اردشير زاهدي"@fas
<Asadollah_Abbasi>,<male>,
<Asadollah_Alam>,<male>,"امير اسدالله علم"@fas
<Ashraf_Dehghani>,<female>,"اشرف دهقانی"@fas
<Ashraf_Pahlavi>,,
<Ata'ollah_Mohajerani>,<male>,"سید عطاالله مهاجرانی"@fas
<Azar_Majedi>,,"اذر ماجدي"@fas
<Azizkhan_Mokri>,,"سردار عزيز خان مكري"@fas
<Bahram_Mavaddat>,<male>,"بهرام مودت"@fas
<Bal'ami>,,"ابوعلی بلعمی"@fas
<Bāqer_Khān>,<male>,"سالار ملي"@fas
<Behzad_Nabavi>,<male>,"بهزاد نبوي"@fas
<Bijan_Namdar_Zangeneh>,<male>,"بيژن زنگنه"@fas
<Cabinet_of_Iran>,<male>,"کابینه ایران"@fas
<Dariush_Forouhar>,<male>,"داريوش فروهر"@fas
<Dariush_Homayoon>,<male>,"داريوش همايون"@fas
<Davoud_Ahmadinejad>,<male>,"داوود احمدي نژاد"@fas
<Davoud_Danesh-Jafari>,<male>,"داود دانش جعفری"@fas
<de/Abolqasem_Naser_al_Molk>,,
<de/Alinaghi_Alikhani>,,
<de/Ali_Reza_Khan_Azod_al_Molk>,,"عضدالملك"@fas
<de/Ebrahim_Alam>,,
<de/Hossein_Pirnia>,,"مؤتمن الملك"@fas
<de/Mohammad_Ali_Khan_Ala_al-Saltaneh>,,"میرزا محمدعلی خان علاءالسلطنه"@fas
<de/Mohammed_Hossein_Saif_Qazi>,,
<de/Najaf_Qoli_Khan_Samsam_al-Saltaneh>,,
<de/Parviz_Nikkhah>,,
<de/Seyed_Mehdi_Miraboutalebi>,,"سید مهدی میرابوطالبی"@fas
<de/Zabihollah_Bakhshi>,,
<Div_Sultan_Rumlu>,<male>,"دیوسلطان"@fas
<Ebrahim_Hakimi>,<male>,"ابراهیم حکیم الممالک"@fas
<Ebrahim_Khan_Kalantar>,<male>,
<Ebrahim_Yazdi>,<male>,"ابراهم يزدي"@fas
<Effat_Marashi>,,"عفت مرعشی"@fas
<Emad_Afroogh>,<male>,"عمادالدين افروغ"@fas
<es/Mehranguiz_Manoutchehrian>,,
<es/Seyyed_Abdollah_Behbahaní>,,"عبدالله بهبهاني"@fas
<Esfandiar_Rahim_Mashaei>,<male>,"اسفندیار رحیم‌مشایی"@fas
<Eshaq_Jahangiri>,<male>,"اسحاق جهانگيري"@fas
<Esmail_Shooshtari>,<male>,"محمداسماعیل شوشتری"@fas
<Esmat_Dowlatshahi>,<female>,"عصمت دولتشاهی"@fas
<Ezzatollah_Sahabi>,<male>,"عزت اللّه سحابي"@fas
<fa/ابوالحسن_خان_مشیرالملک>,,"ابوالحسن خان مشیرالملک"@fas
<fa/ابوالقاسم_خان_بختیار>,,"ابوالقاسم خان بختيار"@fas
<fa/اسدالله_بادامچیان>,,"اسدالله بادامچيان"@fas
<fa/الیاس_نادران>,,"الیاس نادران"@fas
<fa/امیر_مفخم_بختیاری>,,"شجاع‌السلطان"@fas
<fa/امیرقلی_امینی>,,"امیر قلی امینی"@fas
<fa/حاج_باباخان_اردبیلی>,,"حاج بابا اردبيلي"@fas
<fa/حجت‌الله_ایوبی>,,"حجت الله ایوبی"@fas
<fa/حسن_علی_صارمی_کلالی>,,"حسن علی صارمی کلالی"@fas
<fa/حسن_قشقاوی>,,"حسن قشقاوي"@fas
<fa/حمید_زنگنه>,,"حمید زنگنه"@fas
<fa/حمیدرضا_کاتوزیان>,,"حمیدرضا کاتوزیان"@fas
<fa/زکریا_انصاری>,,"زکریا انصاری"@fas
<fa/سلطان_محمد_خان_سردار_اشجع>,,"سردار اشجع"@fas
<fa/سید_ابراهیم_رئیسی>,,"ابراهيم رئيسي"@fas
<fa/سید_طاهر_طاهری>,,"سيد طاهر طاهري"@fas
<fa/سید_عبدالباقی_شیرازی>,,"سيد عبدالباقي شيرازي"@fas
<fa/سید_علی‌رضا_بهشتی_شیرازی>,,"سيد عليرضا بهشتي شيرازي"@fas
<fa/سیروس_آموزگار>,,"سيروس اموزگار"@fas
<fa/صفی_قلی‌خان>,,"صفی قلی خان"@fas
<fa/عباس_امیری‌فر>,,"عباس اميري فر"@fas
<fa/عبدالقدیر_آزاد>,,"عبدالقدير آزاد"@fas
<fa/علی_اکبر_فرازی>,,"علي اكبر فرازي"@fas
<fa/علی_مصطفوی>,,"دکتر علی مصطفوی"@fas
<fa/علی‌اکبر_اشعری>,,"علی‌اکبر اشعری"@fas
<fa/غلامحسین_خان_سالار_محتشم>,,"غلامحسین خان سالار محتشم"@fas
<fa/فؤاد_روحانی>,,"فواد روحانی"@fas
<fa/فرامرز_اسدی>,,"فرامرز اسدي"@fas
<fa/فیض‌الله_عرب‌سرخی>,,"فیض الله عرب سرخی"@fas
<fa/لیلی_امیرارجمند>,,"لیلی امیرارجمند"@fas
<fa/محمد_اسلامی>,,"محمد اسلامی"@fas
<fa/محمد_تقی_خان_بختیاری>,,"محمد تقي خان بختياري"@fas
<fa/محمد_شریعتمداری>,,"محمد شریعتمداری"@fas
<fa/محمد_فرهادی>,,"محمد فرهادي"@fas
<fa/محمد_میرزا_کاشف‌السلطنه>,,"محمد میرزا کاشف السلطنه"@fas
<fa/محمدجواد_فریدزاده>,,"محمدجواد فريدزاده"@fas
<fa/محمدرضا_مخبر>,,"محمدرضا مخبر"@fas
<fa/محمدکاظم_سجادپور>,,"سید محمدکاظم سجادپور"@fas
<fa/منصور_روحانی>,,"منصور روحانی"@fas
<fa/مهدی_کلهر>,,"مهدي كلهر"@fas
<fa/مهرداد_پهلبد>,,"مهرداد پهلبد"@fas
<fa/میرزا_حسین_اصفهانی>,,"میرزا شاه حسین اصفهانی"@fas
<fa/میرزا_محمدعلی_سیوندی>,,"میرزا محمدعلی سیوندی"@fas
<fa/یوسف_خان_امیر_مجاهد>,,"امير مجاهد"@fas
<Faezeh_Hashemi>,<female>,"فائزهٔ هاشمي رفسنجاني"@fas
<Farahnaz_Pahlavi>,,
<Farah_Pahlavi>,<female>,"شهبانو فرح پهلوی"@fas
<Farhang_Mehr>,<male>,
<Farideh_Mostafavi>,,
<Farrokhroo_Parsa>,<female>,"فَرُّخ‌رو پارسا"@fas
<Fatemeh_Karroubi>,<female>,"فاطمهٔ کروبی"@fas
<Fathollah_Khan_Akbar>,<male>,"فتح الله خان سپهدار رشتی"@fas
<Fawzia_Fuad_of_Egypt>,,"پرنسس فوزيه"@fas
<Fazlollah_Zahedi>,<male>,"فضل الله خان بصير ديوان"@fas
<Fereidon_Hasanvand>,<male>,
<Fereydoon_Hoveyda>,<male>,"فريدون هويدا"@fas
<Fereydoun_Djam>,<male>,
<Feridoun_Jam>,,"فريدون جم"@fas
<Firouz_Mirza_Nosrat-ed-Dowleh_Farman_Farmaian_III>,,"فیروز نصرت الدوله"@fas
<Firouz_Nosrat-ed-Dowleh_III>,<male>,
<fr/Abdol-Hossein_Hamzavi>,,
<fr/Abdol-Rahman_Faramarzi>,,
<fr/Abdollah_Behbahani>,,
<fr/Fariba_Hachtroudi>,,
<fr/Farrokh-Rou_Parsa>,,
<fr/Mehdi_Gholi_Hedayat>,,
<fr/Mirza_Riza_Khan>,,"رضا ارفع‌الدوله"@fas
<fr/Nina_Dyer>,,
<fr/Reza_Sardar_Fakher_Hekmat>,,
<fr/Taher_Movassaghian>,,
<fr/Yishmael_Movassaghian>,,
<Ghaem_Magham_Farahani>,<male>,"قائم مقام فراهانی"@fas
<Gholam-Ali_Haddad-Adel>,<male>,"غلامعلی حداد عادل"@fas
<Gholam-Hossein_Elham>,,"غلامحسين الهام"@fas
<Gholam-Hossein_Mohseni-Eje'i>,<male>,"غلامحسين اژه اي"@fas
<Gholamhossein_Karbaschi>,<male>,"غلامحسين كرباسچي"@fas
<Gholamreza_Nikpey>,<male>,"غلامرضا نيك پي"@fas
<Gholam_Hossein_Jahanshahi>,<male>,
<Gholam_Hossein_Nozari>,<male>,"غلامحسين نوذري"@fas
<Gholam_Hossein_Sadighi>,<male>,"غلامحسين صديقي"@fas
<Gholam_Reza_Aghazadeh>,<male>,"غلامرضا اقازاده"@fas
<Gholam_Reza_Azhari>,<male>,"ازهاري"@fas
<Ghorbanali_Dorri-Najafabadi>,<male>,"قربانعلی دری نجف ابادی"@fas
<Habibollah_Asgaroladi>,<male>,"حبيب الله عسكراولادي"@fas
<Habibollah_Bitaraf>,<male>,"حبیب الله بیطرف"@fas
<Habibollah_Peyman>,<male>,"حبیب‌الله پیمان"@fas
<Haji_Baba_Sheikh>,<male>,"حاجی باباشیخ"@fas
<Haji_Washington>,<male>,"حاجي واشنگتن"@fas
<Hajj_Mirza_Aghasi>,<male>,"حاجي ميرزا آقاسي"@fas
<Haj_Ali_Razmara>,<male>,"حاجیعلی رزم آرا"@fas
<Hamid-Reza_Assefi>,<male>,"اصفي"@fas
<Hamid-Reza_Haji_Babaee>,<male>,"حاجی‌بابایی"@fas
<Hamid_Baqai>,<male>,"حميدرضا بقايي"@fas
<Hamid_Behbahani>,<male>,"حمید بهبهانی"@fas
<Hamid_Chitchian>,<male>,
<Hamid_Mowlana>,<male>,"سیدحمید مولانا"@fas
<Hamid_Reza_Katouzian>,<male>,
<Hamid_Sajjadi>,<male>,"حميد سجادي"@fas
<Hasan_Arfa>,<male>,"حسن ارفع"@fas
<Hasan_Arsanjani>,<male>,"حسن ارسنجاني"@fas
<Hasan_Nazih>,<male>,"حسن نزيه"@fas
<Hashemi_Rafsanjani>,,"حجت الاسلام هاشمی رفسنجانی"@fas
<Hashem_Sabbaghian>,<male>,"هاشم صباغيان"@fas
<Hassan-i_Sabbah>,,"حسن صبّاح"@fas
<Hassan_Abbasi>,<male>,"حسن عباسي (تحليل گر سياسي)"@fas
<Hassan_Ali_Mansur>,<male>,"حسن علی منصور"@fas
<Hassan_Habibi>,<male>,"حسن حبيبي"@fas
<Hassan_Khomeini>,<male>,"سيدحسن خميني"@fas
<Hassan_Modarres>,<male>,"ايت الله مدرس"@fas
<Hassan_Nayebagha>,<male>,"حسن نايب اقا"@fas
<Hassan_Pakravan>,<male>,"حسن پاکروان"@fas
<Hassan_Pirnia>,<male>,"حسن پيرنيا"@fas
<Hassan_Rahimpour_Azghadi>,<male>,"حسن رحيم پور"@fas
<Hassan_Rouhani>,<male>,"حسن فریدون"@fas
<Hassan_Shariatmadari>,<male>,
<Hassan_Sobhani>,<male>,"حسن سبحانی"@fas
<Hassan_Taqizadeh>,<male>,"تقی‌زاده"@fas
<Heidar_Arfaa>,<male>,
<Hekmat_E_Shirazi>,<male>,
<Heydar_Moslehi>,<male>,"حيدر مصلحي"@fas
<Homa_Arjomand>,<female>,
<Hosein_Dadgar>,<male>,
<Hossein_Ala'>,<male>,"حسين علاء"@fas
<Hossein_Dehghan>,<male>,"حسين دهقان"@fas
<Hossein_Fardoust>,<male>,"ارتشبد فردوست"@fas
<Hossein_Fatemi>,<male>,"سیدحسین فاطمی"@fas
<Hossein_Ghods-Nakhai>,<male>,
<Hossein_Kamali>,<male>,"حسین کمالی"@fas
<Hossein_Namazi>,<male>,
<Hossein_Navab>,<male>,
<Hossein_Noori_Hamedani>,,
<Hossein_Saffar_Harandi>,<male>,"صفار هرندي"@fas
<Hushang_Ansary>,<male>,"هوشنگ انصاري"@fas
<Hussein-Ali_Montazeri>,<male>,"آیت آللهٔ حسینعلی منتظری"@fas
<Imam-Quli_Khan>,<male>,"امامقلي خان"@fas
<Iradj_Fazel>,<male>,"ايرج فاضل"@fas
<Iraj_Eskandari>,<male>,"ايرج اسكندري"@fas
<Iran_Teymourtash>,,
<Isa_Kalantari>,<male>,
<Ismail_Mumtaz>,<male>,"اسماعيل ممتاز"@fas
<Jafar_Sharif-Emami>,<male>,"شریف امامی"@fas
<Jafar_Towfighi>,<male>,"جعفر توفيقي داريان"@fas
<Jahangir_Amuzegar>,<male>,"جهانگير آموزگار"@fas
<Jamal_Karimi-Rad>,<male>,"جمال كريمي راد"@fas
<Jamileh_Kadivar>,<female>,"جمیله کدیور"@fas
<Jamshid_Amouzegar>,<male>,"جمشید اموزگار"@fas
<Jamshid_Bahman_Jamshidian>,,"جمشید جمشیدیان"@fas
<Javad_Etaat>,,"جواد اطاعت"@fas
<Javad_Shahrestani>,<male>,
<Kamal_Habibollahi>,<male>,"کمال الدین میرحبیب اللهی"@fas
<Kamal_Kharazi>,<male>,"كمال خرازي"@fas
<Kamran_Bagheri_Lankarani>,<male>,"کامران باقری لنکرانی"@fas
<Kamran_Daneshjoo>,<male>,"كامران دانشجو"@fas
<Karim_Khodapanahi>,<male>,
<Karim_Sanjabi>,<male>,"كريم سنجابي"@fas
<Kasra_Nikzad>,<male>,
<Kazem_Rajavi>,<male>,"كاظم رجوي"@fas
<Kazem_Sami>,<male>,"دکتر سامی"@fas
<Kazem_Seddiqi>,<male>,"حجت الاسلام صديقي"@fas
<Kazem_Vaziri_Hamaneh>,<male>,
<Khadijeh_Saqafi>,,"خديجهٔ ثقفي"@fas
<Khosrow_Jahanbani>,,
<Kuchik_Khan>,<male>,"سردار جنگل"@fas
<Leila_Pahlavi>,,
<Levon_Davidian>,<male>,"لون داويديان"@fas
<Mahmoud_Ahmadinejad>,<male>,"احمدی‌نژاد"@fas
<Mahmoud_Alavi>,<male>,"محمود علوي"@fas
<Mahmoud_Djam>,<male>,
<Mahmoud_Farshidi>,<male>,
<Mahmoud_Hashemi_Shahroudi>,<male>,"محمود هاشمي شاهرودي"@fas
<Mahmoud_Hessaby>,<male>,"دکتر محمود حسابی"@fas
<Mahmoud_Jam>,,"محمود جم"@fas
<Mahmoud_Taleghani>,,
<Mahmudali_Chehregani>,<male>,"چهرگاني"@fas
<Mahmud_Mahmud>,<male>,
<Majid_Namjoo>,<male>,"مجيد نامجو"@fas
<Manouchehr_Eghbal>,<male>,"منوچهر اقبال"@fas
<Manouchehr_Ganji>,<male>,
<Manouchehr_Mottaki>,<male>,"متکی"@fas
<Mansoor_Hekmat>,<male>,"منصور حکمت"@fas
<Manutchehr_Salimi>,<male>,"منوچهر سليمي"@fas
<Maryam_Rajavi>,<female>,"مریم رجوی"@fas
<Marzieh_Vahid-Dastjerdi>,<female>,"مرضیهٔ وحید دستجردی"@fas
<Masoud_Mir_Kazemi>,<male>,"مسعود میر کاظمی"@fas
<Masoud_Pezeshkian>,<male>,"مسعود پزشكيان"@fas
<Masoumeh_Ebtekar>,<female>,"خواهر مري"@fas
<Mass'oud_Mirza_Zell-e_Soltan>,<male>,"ظل‌السلطان"@fas
<Massoud_Rajavi>,<male>,"مسعود رجوی"@fas
<Maurice_Motamed>,<male>,
<Mehdi_Bazargan>,<male>,"مهدی بازرگان"@fas
<Mehdi_Ghazanfari>,,"مهدی غضنفری"@fas
<Mehdi_Hashemi>,<male>,"سید مهدی هاشمی"@fas
<Mehdi_Hashemi_Rafsanjani>,,
<Mehdi_Karroubi>,<male>,"كروبي"@fas
<Mehdi_Qoli_Hedayat>,<male>,"ميرزا مهدي قلي خان مخبرالسلطنه"@fas
<Mina_Ahadi>,<female>,"مينا احدي"@fas
<Mir-Hossein_Mousavi>,<male>,"میرحسین موسوی خامنه ای"@fas
<Mirza_Abolhassan_Khan_Ilchi>,<male>,"ابوالحسن شیرازی"@fas
<Mirza_Ali_Asghar_Khan_Amin_al-Soltan>,<male>,
<Mirza_Ali_Asghar_Khan_Amin_al-Sultan>,,"ميرزا علي اصغر امين السلطان"@fas
<Mirza_Hassan_Khan_Esfandiary>,<male>,
<Mirza_Hosein_Khan_Moshir_od-Dowleh>,<male>,"ميرزا حسين خان مشيرالدوله"@fas
<Mirza_Mehdi_Khan_Astarabadi>,<male>,"میرزا مهدی خان منشی استرآبادی"@fas
<Mirza_Nasrullah_Khan>,<male>,"نصرالله مشیرالدوله"@fas
<Mohamed_Hussein_Tantawi>,,"محمد حسین طنطاوی"@fas
<Mohamed_Morsi>,<male>,"محمد مرسي"@fas
<Mohammad-Ali_Abtahi>,<male>,"محمد علی ابطحی"@fas
<Mohammad-Ali_Najafi>,<male>,"محمدعلی نجفی (معاون رییس جمهور)"@fas
<Mohammad-Ali_Rajai>,<male>,"رجایی"@fas
<Mohammad-Ali_Ramin>,<male>,"محمد علي رامين"@fas
<Mohammad-Hossein_Khoshvaght>,<male>,
<Mohammad-Javad_Bahonar>,<male>,"آيت الله دكتر باهنر"@fas
<Mohammad-Kazem_Khorasani>,<male>,"اخوند ملا كاظم خراساني"@fas
<Mohammad-Reza_Bahonar>,<male>,"محمد رضا باهنر"@fas
<Mohammad-Reza_Eskandari>,,"محمدرضا اسكندري"@fas
<Mohammad-Reza_Hekmat>,<male>,
<Mohammad-Reza_Khatami>,<male>,"محمدرضا خاتمي"@fas
<Mohammad-Reza_Mahdavi_Kani>,<male>,"محمد رضا مهدوي كني"@fas
<Mohammad-Taqi_Bahar>,<male>,"ملک الشعراء بهار"@fas
<Mohammad-Taqi_Mesbah-Yazdi>,<male>,"مصباح یزدی"@fas
<Mohammadreza_Nematzadeh>,<male>,"محمدرضا نعمت‌زاده"@fas
<Mohammad_Abbasi>,<male>,"محمد عباسي"@fas
<Mohammad_Ali_Foroughi>,<male>,"محمدعلی فروغی"@fas
<Mohammad_Ali_Hosseini>,<male>,
<Mohammad_Ali_Jafari>,<male>,"محمد علي جعفري"@fas
<Mohammad_Ardakani>,<male>,
<Mohammad_Bagher_Ghalibaf>,<male>,"محمد باقر قالیباف"@fas
<Mohammad_Bagher_Kharazi>,<male>,"محمد باقر خرازی"@fas
<Mohammad_Bagher_Nobakht>,<male>,"محمدباقر نوبخت حقيقي"@fas
<Mohammad_Bahrami>,,
<Mohammad_Beheshti>,<male>,"شهيد دكتر بهشتي"@fas
<Mohammad_Beheshti_Shirazi>,<male>,
<Mohammad_Farrokhi_Yazdi>,<male>,"محمد فرخي يزدي"@fas
<Mohammad_Forouzandeh>,<male>,
<Mohammad_Gharazi>,<male>,"مهندس غرضي"@fas
<Mohammad_Hosseini_(politician)>,<male>,
<Mohammad_Hossein_Adeli>,<male>,"محمدحسين عادلي"@fas
<Mohammad_Hossein_Jalali>,<male>,
<Mohammad_Jahromi>,<male>,
<Mohammad_Javad_Tondguyan>,<male>,
<Mohammad_Javad_Zarif>,<male>,"جواد ظريف"@fas
<Mohammad_Kazem_Shariatmadari>,<male>,"ايت الله العظمي شريعتمداري"@fas
<Mohammad_Khatami>,<male>,"سید محمدخاتمی"@fas
<Mohammad_Marandi>,<male>,"سید محمد مرندی"@fas
<Mohammad_Mehdi_Zahedi>,<male>,"محمد‌مهدی زاهدی"@fas
<Mohammad_Mofatteh>,<male>,"محمد مفتح"@fas
<Mohammad_Mosaddegh>,<male>,"محمد مصدق السلطنه"@fas
<Mohammad_Nahavandian>,<male>,"نهاوندیان"@fas
<Mohammad_Reyshahri>,<male>,"ری شهری"@fas
<Mohammad_Reza_Ameli_Tehrani>,<male>,"محمد رضا عاملی تهرانی"@fas
<Mohammad_Reza_Aref>,<male>,"دكتر عارف"@fas
<Mohammad_Reza_Pahlavi>,,"پهلوي دوم"@fas
<Mohammad_Reza_Rahimi>,<male>,"محمد رضا رحیمی"@fas
<Mohammad_Sa'ed>,<male>,"محمد ساعد مراغه ای"@fas
<Mohammad_Saeedikia>,<male>,"محمد سعیدی کیا"@fas
<Mohammad_Salimi>,<male>,"محمد سلیمی"@fas
<Mohammad_Shariatmadari>,<male>,
<Mohammad_Soleimani>,<male>,"محمد سلیمانی"@fas
<Mohammad_Vali_Khan_Tonekaboni>,<male>,"سپهدار اعظم تنکابنی"@fas
<Mohammad_Yeganeh>,<male>,"محمد يگانه"@fas
<Mohammed_Emami-Kashani>,,
<Mohammed_Kazem_Yazdi>,<male>,"سيد محمدكاظم طباطبايي يزدي"@fas
<Mohammed_Sharif_Malekzadeh>,<male>,"شریف ملک زاده"@fas
<Mohsen_Aminzadeh>,<male>,"محسن امین‌زاده"@fas
<Mohsen_Hashemi>,<male>,
<Mohsen_Hashemi_Rafsanjani>,,"محسن هاشمی رفسنجانی"@fas
<Mohsen_Kadivar>,<male>,"محسن كديور"@fas
<Mohsen_Mirdamadi>,<male>,"محسن ميردامادي"@fas
<Mohsen_Nourbakhsh>,<male>,"سيد محسن نوربخش"@fas
<Mohsen_Rafighdoost>,<male>,"محسن رفيق دوست"@fas
<Mohsen_Rais>,<male>,
<Mohsen_Rezaee>,<male>,"سبزوار رضایی"@fas
<Mohsen_Sadr>,<male>,"صدرالاشراف"@fas
<Mojtaba_Khamenei>,<male>,"مجتبی خامنه‌ای"@fas
<Mojtaba_Vahedi>,<male>,"مجتبی واحدی"@fas
<Morteza-Qoli_Bayat>,<male>,"سهام السلطان بيات"@fas
<Morteza_Ansari>,,"شیخ انصاری"@fas
<Morteza_Bakhtiari>,<male>,
<Morteza_Gholi_Khan_Hedayat>,<male>,"مرتضی‌قلی‌خان هدایت"@fas
<Morteza_Mohammadkhan>,<male>,"مرتضي محمدخان"@fas
<Morteza_Motahhari>,<male>,"آيت الله مطهري"@fas
<Mostafa_Chamran>,<male>,"مصطفی چمران ساوجی"@fas
<Mostafa_Kavakebian>,<male>,"مصطفی کواکبیان"@fas
<Mostafa_Mir-Salim>,<male>,
<Mostafa_Moeen>,<male>,"مصطفی معین"@fas
<Mostafa_Mohammad-Najjar>,<male>,"محمد مصطفي نجار"@fas
<Mostafa_Pourmohammadi>,<male>,"مصطفي پورمحمدي"@fas
<Mostowfi_ol-Mamalek>,<male>,"حسن مستوفی‌الممالک"@fas
<Mousa_Chegini>,<male>,
<Mousa_Namjoo>,<male>,
<Mozaffar_Alam>,<male>,
<Mozaffar_Firouz>,,
<Mozzafar_Baghai>,<male>,"مظفر بقایی کرمانی"@fas
<Muhammad_Husayn_Tabatabaei>,,"محمد حسین طباطبایی"@fas
<Mulla_Sadra>,,"صدرالدین محمد بن ابراهیم شیرازی"@fas
<Nader_Shah>,<male>,"طهماسب قلي خان"@fas
<Naglaa_Mahmoud>,,
<Nasrollah_Entezam>,<male>,"نصرالله انتظام وزيري"@fas
<Nasr_al-Din_(Yunnan)>,<male>,
<Nasser_Hejazi>,<male>,"ناصر حجازی"@fas
<Nasser_Minachi>,<male>,
<Nasser_Moghadam>,<male>,"ناصر مقدم"@fas
<Nasser_Yeganeh>,<male>,
<Navvab_Safavi>,<male>,"مجتبي نواب صفوي"@fas
<Nematollah_Nassiri>,<male>,"سرلشكر نصيري"@fas
<Nizam_al-Mulk>,<male>,"نظام الملک طوسی"@fas
<nl/Ali_Razmara>,,
<nl/Azam-Sadat_Farahi>,,
<nl/Jafaar_Sharif-Emami>,,
<Nosrat-ollah_Jahanshahlou>,<male>,
<Noureddin_Kianouri>,<male>,"نورالدین کیانوری"@fas
<Parvaneh_Eskandari_Forouhar>,<female>,"پروانهٔ اسکندری"@fas
<Parviz_C._Radji>,<male>,
<Parviz_Davoodi>,<male>,"پرويز داودي"@fas
<Parviz_Fattah>,<male>,"سید پرویز فتاح"@fas
<Parviz_Kazemi>,<male>,"پرويز كاظمي"@fas
<Parviz_Varjavand>,<male>,"پرویز ورجاوند"@fas
<Patrick_Ali_Pahlavi>,<male>,"علي پاتريك پهلوي"@fas
<Piruz_Dilanchi>,<male>,"پیروز دیلنچی"@fas
<Prince_Sadruddin_Aga_Khan>,<male>,
<Qazi_Muhammad>,<male>,"قاضي محمد"@fas
<Rahimkhan_Chalabianloo>,<male>,
<Rahman_Dadman>,<male>,"رحمان دادمان"@fas
<Rashid-al-Din_Hamadani>,<male>,"رشید الدین فضل اللهٔ الهٔمذانی"@fas
<Rasoul_Khadem>,<male>,"رسول خادم ازغدي"@fas
<Rasoul_Movahedian>,<male>,
<Reza_Alamouti>,<male>,
<Reza_Malekzadeh>,<male>,"رضا ملك زاده"@fas
<Reza_Pahlavi>,<male>,"رضا پهلوي (پسر)"@fas
<Rezā_Shāh>,<male>,"رضا خان پهلوي"@fas
<Reza_Sheykholeslam>,<male>,"عبدالرضا شيخ الاسلامي"@fas
<Reza_Taghipour>,<male>,"رضا تقی‌پور انواری"@fas
<Reza_Zanjani>,<male>,"سید رضا زنجانی"@fas
<Roozbeh_Farahanipour>,<male>,
<Rostam_Ghasemi>,<male>,"رستم قاسمي"@fas
<Ruhollah_Khatami>,<male>,"روح‌الله خاتمی"@fas
<Ruhollah_Khomeini>,<male>,"روح‌الله خميني"@fas
<Saad_ad-Daula>,<male>,"نجفقلی بختیاری"@fas
<Sadegh_Ghotbzadeh>,<male>,"صادق قطب زاده"@fas
<Sadegh_Khalkhali>,<male>,"محمد صادق خلخالی"@fas
<Sadegh_Mahsouli>,<male>,"محمدصادق محصولي"@fas
<Sadegh_Sharafkandi>,<male>,"دكتر شرفكندي"@fas
<Sadegh_Tabatabai>,<male>,"صادق طباطبايي"@fas
<Sadeq_Khalilian>,<male>,
<Sadeq_Larijani>,<male>,"صادق لاریجانی"@fas
<Saeed_Emami>,<male>,"سعيدامامي"@fas
<Saeed_Jalili>,<male>,"سعيد جليلي"@fas
<Safdar_Hosseini>,<male>,"سید صفدر حسینی"@fas
<Safdar_Rahmat_Abadi>,<male>,
<Sattar_Khan>,<male>,"سردار ملي"@fas
<Sayyid_Ajjal_Shams_al-Din_Omar>,<male>,"سيد اجل شمس الدين"@fas
<Seyyed_Hossein_Borujerdi>,,"آیت‌الله العظمی بروجردی"@fas
<Shahnaz_Pahlavi>,<female>,"شاهدخت شهناز پهلوی"@fas
<Shah_Seyyed_Ali_Kazemi>,<male>,
<Shamseddin_Hosseini>,<male>,"سید شمس‌الدین حسینی"@fas
<Shams_Pahlavi>,,"شمس پهلوي"@fas
<Shapour_Bakhtiar>,<male>,"دکتر شاپور بختیار"@fas
<Sheikh_Ali_khan_Zangeneh>,<male>,"شیخ علی خان زنگنه"@fas
<Sheikh_Fazlollah_Noori>,<male>,"شيخ فضل الله"@fas
<Shirin_Ebadi>,<female>,"عبادي"@fas
<Shivan_Qaderi>,<male>,"شوانه قادري"@fas
<Simko_Shikak>,<male>,"اسماعیل آغا سمکو"@fas
<Tadj_ol-Molouk>,<female>,"تاج‌الملوک آیرملو"@fas
<Tahmasb_Mazaheri>,<male>,"طهماسب مظاهری"@fas
<Taqi_Arani>,<male>,"دكتر اراني"@fas
<Teymur_Bakhtiar>,<male>,"سپهبد تيمور بختيار"@fas
<Teymūr_Khan_Ayromlou>,,
<Vosough_od-Dowleh>,<male>,"حسن وثوق"@fas
<Yadollah_Javani>,<male>,
<Yahya_Ale_Eshaq>,<male>,"يحيي ال اسحاق"@fas
<Yahya_Rahim_Safavi>,<male>,"سیدیحیی صفوی"@fas
<Yasmine_Pahlavi>,,"یاسمین اعتماد امینی"@fas
<Yasser_Hashemi_Rafsanjani>,,
<Yousef_Saanei>,<male>,"ايت الله يوسف صانعي"@fas
<Zahra_Eshraghi>,,"زهرا اشراقي"@fas
<Zahra_Mostafavi_Khomeini>,,
<Zahra_Rahnavard>,<female>,"زهرارهنورد"@fas
<Zahra_Shojaei>,,
<Zia'eddin_Tabatabaee>,<male>,"سیدضیاالدین طباطبائی"@fas
<Ziaeddin_Tavakkoli>,<male>,
<Zohreh_Akhyani>,<female>,
