<id_1gco0uv_qkd_qenww4>	<ar/ناصر_سبحاني>	<redirectedFrom>	"ناصر سبحاني/موقت"@fas	

<id_97imug_qkd_1l9wxtj>	<Mostafa_Chamran>	<redirectedFrom>	"مصطفی چمران ساوجی"@fas	

<id_1kp7cxe_qkd_13vp1o4>	<Fereydoon_Hoveyda>	<redirectedFrom>	"فريدون هويدا"@fas	

<id_1lnjkqn_qkd_1e3ufcz>	<Haj_Ali_Razmara>	<redirectedFrom>	"حاجیعلی رزم آرا"@fas	

<id_30ibi3_1ia_2z96c9>	<Mohammad_Ali_Foroughi>	rdfs:label	"محمدعلی فروغی"@fas	

<id_1v66fii_qkd_15fkr2y>	<Hussein-Ali_Montazeri>	<redirectedFrom>	"آیت آللهٔ حسینعلی منتظری"@fas	

<id_bn0r91_qkd_l1mxes>	<fa/سید_علی‌رضا_بهشتی_شیرازی>	<redirectedFrom>	"سيد عليرضا بهشتي شيرازي"@fas	

<id_iaad3i_qkd_10bfj4n>	<Hamid-Reza_Assefi>	<redirectedFrom>	"اصفي"@fas	

<id_adg5re_1ia_u1xkbf>	<fa/حسن_علی_صارمی_کلالی>	rdfs:label	"حسن علی صارمی کلالی"@fas	

<id_n3cbcz_qkd_cbqk9o>	<Mohsen_Mirdamadi>	<redirectedFrom>	"محسن ميردامادي"@fas	

<id_1qar5s2_qkd_w7klj2>	<Ahmad_Madani>	<redirectedFrom>	"احمد مدني"@fas	

<id_1fqzplx_qkd_jstbuy>	<Mohsen_Sadr>	<redirectedFrom>	"صدرالاشراف"@fas	

<id_enl91b_qkd_1jjpemm>	<Mohammed_Kazem_Yazdi>	<redirectedFrom>	"سيد محمدكاظم طباطبايي يزدي"@fas	

<id_a0xmbx_qkd_1cutdp2>	<Ali-Akbar_Dehkhoda>	<redirectedFrom>	"میرزا علی‌اکبر خان قزوینی"@fas	

<id_17kqfjk_qkd_11irea>	<Muhammad_Husayn_Tabatabaei>	<redirectedFrom>	"محمد حسین طباطبایی"@fas	

<id_1o0oahf_qkd_1jjnit8>	<Mohammad-Ali_Ramin>	<redirectedFrom>	"محمد علي رامين"@fas	

<id_wkr0me_qkd_1gj2q2r>	<Abdollah_Javadi-Amoli>	<redirectedFrom>	"عبد الله جوادي آملي"@fas	

<id_10vfl8i_qkd_1rd36u0>	<Seyyed_Hossein_Borujerdi>	<redirectedFrom>	"آیت‌الله العظمی بروجردی"@fas	

<id_k6ejwu_qkd_1df7ve1>	<Hasan_Nazih>	<redirectedFrom>	"حسن نزيه"@fas	

<id_149mnp3_1ia_biwsug>	<Mass'oud_Mirza_Zell-e_Soltan>	rdfs:label	"ظل‌السلطان"@fas	

<id_1925jm1_qkd_1nuqhdk>	<Yousef_Saanei>	<redirectedFrom>	"ايت الله يوسف صانعي"@fas	

<id_1got1bc_qkd_9ibzwb>	<Mohammad-Kazem_Khorasani>	<redirectedFrom>	"اخوند ملا كاظم خراساني"@fas	

<id_16syj3s_1ia_1ogvgas>	<Mansoor_Hekmat>	rdfs:label	"منصور حکمت"@fas	

<id_so6d0i_qkd_32qwl7>	<Mohammad_Hossein_Adeli>	<redirectedFrom>	"محمدحسين عادلي"@fas	

<id_7dkch4_qkd_163cq25>	<Ruhollah_Khomeini>	<redirectedFrom>	"روح‌الله خميني"@fas	

<id_34slb_qkd_uvu8am>	<Mulla_Sadra>	<redirectedFrom>	"صدرالدین محمد بن ابراهیم شیرازی"@fas	

<id_1b6y1zc_qkd_usntdc>	<Morteza_Gholi_Khan_Hedayat>	<redirectedFrom>	"مرتضی‌قلی‌خان هدایت"@fas	

<id_1czwzz0_qkd_goyt5l>	<Ali_Akbar_Mehrabian>	<redirectedFrom>	"علي اكبر محرابيان"@fas	

<id_xcxaiv_qkd_41xxs>	<Navvab_Safavi>	<redirectedFrom>	"مجتبي نواب صفوي"@fas	

<id_ml4joc_qkd_1s0wswq>	<Amanullah_Jahanbani>	<redirectedFrom>	"امان الله جهانباني"@fas	

<id_l23b51_qkd_1lly5un>	<Simko_Shikak>	<redirectedFrom>	"اسماعیل آغا سمکو"@fas	

<id_c1x6cd_qkd_1k8sfx3>	<Hajj_Mirza_Aghasi>	<redirectedFrom>	"حاجي ميرزا آقاسي"@fas	

<id_5mxh1z_qkd_l9wldm>	<Ali_Khamenei>	<redirectedFrom>	"ایه‌الله خامنه‌ای"@fas	

<id_5qw4fz_qkd_19npcjs>	<Mohammad-Ali_Abtahi>	<redirectedFrom>	"محمد علی ابطحی"@fas	

<id_1mf37i9_qkd_gryebw>	<Bijan_Namdar_Zangeneh>	<redirectedFrom>	"بيژن زنگنه"@fas	

<id_dgmoug_1ia_zmpc1e>	<Alireza_Ali_Ahmadi>	rdfs:label	"علیرضا علی‌احمدی"@fas	

<id_bjs00c_1ia_wmtst3>	<fa/حمید_زنگنه>	rdfs:label	"حمید زنگنه"@fas	

<id_1o0o82b_qkd_1oj0fl8>	<Mohammad-Ali_Rajai>	<redirectedFrom>	"رجایی"@fas	

<id_11m3jk1_qkd_1834nl6>	<Mahmoud_Hessaby>	<redirectedFrom>	"دکتر محمود حسابی"@fas	

<id_1kba8jg_qkd_1p7mazu>	<Mahmoud_Ahmadinejad>	<redirectedFrom>	"احمدی‌نژاد"@fas	

<id_10709pj_qkd_1d8jm91>	<Hashemi_Rafsanjani>	<redirectedFrom>	"حجت الاسلام هاشمی رفسنجانی"@fas	

<id_1cjrsbj_1ia_hxfpxm>	<Kamran_Bagheri_Lankarani>	rdfs:label	"کامران باقری لنکرانی"@fas	

<id_100arct_qkd_kj30nh>	<es/Seyyed_Abdollah_Behbahaní>	<redirectedFrom>	"عبدالله بهبهاني"@fas	

<id_5w76od_qkd_1o0jmm>	<Hassan_Rahimpour_Azghadi>	<redirectedFrom>	"حسن رحيم پور"@fas	

<id_1mx0e73_qkd_1lob23f>	<Abdollah_Nouri>	<redirectedFrom>	"عبدالله نوري"@fas	

<id_1tbhke9_qkd_r16fos>	<Rezā_Shāh>	<redirectedFrom>	"رضا خان پهلوي"@fas	

<id_6q8f8d_qkd_vdcqmo>	<Ali_Shamkhani>	<redirectedFrom>	"شمخانی"@fas	

<id_9532jm_qkd_1hqat18>	<Ahmad_Amir-Ahmadi>	<redirectedFrom>	"احمداقا سرتيپ"@fas	

<id_1hug4x6_qkd_xfpf8y>	<fa/سید_طاهر_طاهری>	<redirectedFrom>	"سيد طاهر طاهري"@fas	

<id_1qn1o7v_1ia_7atpux>	<Ali_Rabiei>	rdfs:label	"علی ربیعی"@fas	

<id_mi31zj_qkd_1dcy8xm>	<Ahmad_Matin-Daftari>	<redirectedFrom>	"متین الدوله"@fas	

<id_19bkl6r_qkd_1qwp551>	<Mohammad-Taqi_Mesbah-Yazdi>	<redirectedFrom>	"مصباح یزدی"@fas	

<id_1buldo9_qkd_oxrias>	<Gholam_Reza_Azhari>	<redirectedFrom>	"ازهاري"@fas	

<id_1u42k5g_qkd_1hyinap>	<Ghorbanali_Dorri-Najafabadi>	<redirectedFrom>	"قربانعلی دری نجف ابادی"@fas	

<id_1wicis0_qkd_gq4897>	<Mohammad_Reza_Rahimi>	<redirectedFrom>	"محمد رضا رحیمی"@fas	

<id_9hziwz_qkd_1h60ajb>	<Mohsen_Rezaee>	<redirectedFrom>	"سبزوار رضایی"@fas	

<id_1e70cqd_qkd_1ybhptw>	<Azizkhan_Mokri>	<redirectedFrom>	"سردار عزيز خان مكري"@fas	

<id_1usdz75_qkd_177v4tv>	<Gholam_Reza_Aghazadeh>	<redirectedFrom>	"غلامرضا اقازاده"@fas	

<id_17nvxdk_qkd_ln0o0e>	<Ebrahim_Yazdi>	<redirectedFrom>	"ابراهم يزدي"@fas	

<id_17jul4z_qkd_t5zqsp>	<Ahmad_Sayyed_Javadi>	<redirectedFrom>	"احمد صدرحاج سید جوادی"@fas	

<id_1mc5nx5_qkd_t2zy7x>	<Shapour_Bakhtiar>	<redirectedFrom>	"دکتر شاپور بختیار"@fas	

<id_1n90njk_qkd_uhmfqd>	<Hossein_Fardoust>	<redirectedFrom>	"ارتشبد فردوست"@fas	

<id_1nkrhm3_qkd_mn4rv8>	<Shahnaz_Pahlavi>	<redirectedFrom>	"شاهدخت شهناز پهلوی"@fas	

<id_1dfmyoi_qkd_8nrci0>	<Reza_Taghipour>	<redirectedFrom>	"رضا تقی‌پور انواری"@fas	

<id_3vzp7e_qkd_14irqd0>	<Reza_Pahlavi>	<redirectedFrom>	"رضا پهلوي (پسر)"@fas	

<id_1ga4yv9_qkd_4mgfow>	<Heydar_Moslehi>	<redirectedFrom>	"حيدر مصلحي"@fas	

<id_1krx6d5_1ia_bxf41u>	<fa/غلامحسین_خان_سالار_محتشم>	rdfs:label	"غلامحسین خان سالار محتشم"@fas	

<id_17ij49j_qkd_bw7oqw>	<fa/فؤاد_روحانی>	<redirectedFrom>	"فواد روحانی"@fas	

<id_1epzc23_qkd_mz3zfc>	<Mohammad_Beheshti>	<redirectedFrom>	"شهيد دكتر بهشتي"@fas	

<id_1d7d828_1ia_ye5n79>	<Mohamed_Hussein_Tantawi>	rdfs:label	"محمد حسین طنطاوی"@fas	

<id_17k94db_qkd_162swsu>	<Ruhollah_Khatami>	<redirectedFrom>	"روح‌الله خاتمی"@fas	

<id_16d5stk_qkd_1yopap2>	<Abolqasem_Najm>	<redirectedFrom>	"نجم الملك"@fas	

<id_cplzy7_1ia_krkluv>	<Ali_Akbar_Salehi>	rdfs:label	"علی‌اکبر صالحی"@fas	

<id_bvr125_qkd_1r8yaf>	<Mohammad-Ali_Najafi>	<redirectedFrom>	"محمدعلی نجفی (معاون رییس جمهور)"@fas	

<id_1oa1fw7_qkd_rl2emi>	<Ali_Mansur>	<redirectedFrom>	"منصور الملک"@fas	

<id_fpxy6j_qkd_1jh7y1q>	<Mohammad_Ali_Jafari>	<redirectedFrom>	"محمد علي جعفري"@fas	

<id_16wvdqr_1ia_1p3tjiu>	<Hassan_Pakravan>	rdfs:label	"حسن پاکروان"@fas	

<id_qcnrlp_qkd_1nhiuxm>	<Kazem_Sami>	<redirectedFrom>	"دکتر سامی"@fas	

<id_f801qv_qkd_o67ejp>	<Mohammad_Sa'ed>	<redirectedFrom>	"محمد ساعد مراغه ای"@fas	

<id_15g9arf_1ia_xqea30>	<Ahmad_Bourghani>	rdfs:label	"احمد بورقانی"@fas	

<id_1h32k17_qkd_e8000q>	<Mostowfi_ol-Mamalek>	<redirectedFrom>	"حسن مستوفی‌الممالک"@fas	

<id_qx1rtn_qkd_1hvtdv8>	<Abu_Muslim_Khorasani>	<redirectedFrom>	"ابو‌مسلم"@fas	

<id_1njpjr8_qkd_hb92tb>	<Ali_Kordan>	<redirectedFrom>	"علي كردان"@fas	

<id_11o9yn_qkd_12ql7tp>	<Ezzatollah_Sahabi>	<redirectedFrom>	"عزت اللّه سحابي"@fas	

<id_1x9lhlh_qkd_gqjzuh>	<Yahya_Rahim_Safavi>	<redirectedFrom>	"سیدیحیی صفوی"@fas	

<id_8qsheu_qkd_2g38m6>	<Hassan_Pirnia>	<redirectedFrom>	"حسن پيرنيا"@fas	

<id_59n9k2_qkd_visv5j>	<fa/فیض‌الله_عرب‌سرخی>	<redirectedFrom>	"فیض الله عرب سرخی"@fas	

<id_sa1c70_1ia_wm4zwz>	<Alireza_Nourizadeh>	rdfs:label	"علی‌رضا نوری‌زاده"@fas	

<id_1uyfphu_qkd_hu249n>	<Ebrahim_Hakimi>	<redirectedFrom>	"ابراهیم حکیم الممالک"@fas	

<id_15384a5_qkd_1rlckn8>	<Abdolreza_Mesri>	<redirectedFrom>	"عبدالرضا مصري"@fas	

<id_1u5fyge_qkd_18qopnd>	<fa/حسن_قشقاوی>	<redirectedFrom>	"حسن قشقاوي"@fas	

<id_7xf7iz_qkd_122414q>	<Ali_Akbar_Javanfekr>	<redirectedFrom>	"علي اكبر جوانفكر"@fas	

<id_1v10hhk_qkd_1cphuqc>	<Esmail_Shooshtari>	<redirectedFrom>	"محمداسماعیل شوشتری"@fas	

<id_1wix78a_qkd_zsdbgn>	<Ali_Akbar_Nategh-Nouri>	<redirectedFrom>	"علی‌اکبر ناطق نوری"@fas	

<id_1ermtj2_qkd_ahjvr4>	<de/Mohammad_Ali_Khan_Ala_al-Saltaneh>	<redirectedFrom>	"میرزا محمدعلی خان علاءالسلطنه"@fas	

<id_bi2ynu_qkd_dybtkx>	<Zahra_Rahnavard>	<redirectedFrom>	"زهرارهنورد"@fas	

<id_x8voyk_qkd_3gl1g2>	<Abol-Ghasem_Kashani>	<redirectedFrom>	"سیدابوالقاسم کاشانی"@fas	

<id_8oqa33_qkd_fw06dp>	<Rashid-al-Din_Hamadani>	<redirectedFrom>	"رشید الدین فضل اللهٔ الهٔمذانی"@fas	

<id_14kzoll_qkd_e5g1vg>	<Ahmad_Jannati>	<redirectedFrom>	"آيت الله جنتي"@fas	

<id_1leo3hf_1ia_yov7r2>	<Bal'ami>	rdfs:label	"ابوعلی بلعمی"@fas	

<id_p2m5qk_qkd_jjgnrw>	<Mohammad_Khatami>	<redirectedFrom>	"سید محمدخاتمی"@fas	

<id_ohe2me_qkd_1da1x2x>	<Sheikh_Fazlollah_Noori>	<redirectedFrom>	"شيخ فضل الله"@fas	

<id_1eexj36_qkd_173ys6t>	<Zia'eddin_Tabatabaee>	<redirectedFrom>	"سیدضیاالدین طباطبائی"@fas	

<id_4ai0p9_qkd_ojdjam>	<Mostafa_Mohammad-Najjar>	<redirectedFrom>	"محمد مصطفي نجار"@fas	

<id_15wlbq5_1ia_1df904d>	<Vosough_od-Dowleh>	rdfs:label	"حسن وثوق"@fas	

<id_1jf0iep_qkd_l6ge61>	<Abolhassan_Banisadr>	<redirectedFrom>	"بنی‌صدر"@fas	

<id_o4ycaj_qkd_8cqx3r>	<Mirza_Mehdi_Khan_Astarabadi>	<redirectedFrom>	"میرزا مهدی خان منشی استرآبادی"@fas	

<id_1wbp6hf_qkd_w7i3nj>	<Abdul-Karim_Mousavi_Ardebili>	<redirectedFrom>	"موسوي اردبيلي"@fas	

<id_1bggoqr_qkd_9gfiwy>	<Mohsen_Kadivar>	<redirectedFrom>	"محسن كديور"@fas	

<id_n7feix_qkd_126gdd9>	<Azar_Majedi>	<redirectedFrom>	"اذر ماجدي"@fas	

<id_3gcp0c_1ia_11e0gr9>	<Mahmoud_Jam>	rdfs:label	"محمود جم"@fas	

<id_1bjx9ho_qkd_10c20bc>	<Abdolhossein_Hazhir>	<redirectedFrom>	"هژير"@fas	

<id_1rzlbgo_qkd_10byj60>	<Manouchehr_Mottaki>	<redirectedFrom>	"متکی"@fas	

<id_3puk3r_1ia_10byyhc>	<Al-Muqanna>	rdfs:label	"مقنع"@fas	

<id_t45thr_qkd_17f6qk6>	<Mohammad_Vali_Khan_Tonekaboni>	<redirectedFrom>	"سپهدار اعظم تنکابنی"@fas	

<id_ozfjdo_qkd_3qkba6>	<Ahmad_Qavam>	<redirectedFrom>	"احمد قوام السلطنه"@fas	

<id_9yxx4r_qkd_79yyep>	<Mohammad_Bagher_Ghalibaf>	<redirectedFrom>	"محمد باقر قالیباف"@fas	

<id_8by71r_qkd_1h7xu0r>	<Mina_Ahadi>	<redirectedFrom>	"مينا احدي"@fas	

<id_1f79i0_1ia_dw3v8t>	<Ali_Akbar_Velayati>	rdfs:label	"علی‌اکبر ولایتی"@fas	

<id_17ffqwy_qkd_cszlhg>	<fa/محمد_میرزا_کاشف‌السلطنه>	<redirectedFrom>	"محمد میرزا کاشف السلطنه"@fas	

<id_k172qw_qkd_71ro4d>	<Mirza_Ali_Asghar_Khan_Amin_al-Sultan>	<redirectedFrom>	"ميرزا علي اصغر امين السلطان"@fas	

<id_4tqtuo_qkd_142hne9>	<Hassan_Habibi>	<redirectedFrom>	"حسن حبيبي"@fas	

<id_1sxeaif_qkd_18mgsva>	<Mohammad-Reza_Khatami>	<redirectedFrom>	"محمدرضا خاتمي"@fas	

<id_14ijrgw_qkd_w1whin>	<Ahmad_Khomeini>	<redirectedFrom>	"سيد احمد خميني"@fas	

<id_1n18txm_qkd_29j5j9>	<Bāqer_Khān>	<redirectedFrom>	"سالار ملي"@fas	

<id_dcspq3_qkd_1176jmr>	<Mahmoud_Hashemi_Shahroudi>	<redirectedFrom>	"محمود هاشمي شاهرودي"@fas	

<id_1ks7x7b_qkd_1ddpjub>	<de/Hossein_Pirnia>	<redirectedFrom>	"مؤتمن الملك"@fas	

<id_1xfe0nr_qkd_1c3j40b>	<Abbas_Maleki>	<redirectedFrom>	"عباس ملكي"@fas	

<id_1fyxsjz_qkd_1ogszop>	<Mahmoud_Alavi>	<redirectedFrom>	"محمود علوي"@fas	

<id_tyv2ke_1ia_3otd0j>	<Ahmad_Tavakkoli>	rdfs:label	"احمد توکلی"@fas	

<id_hu08pl_qkd_2hmavf>	<Hossein_Dehghan>	<redirectedFrom>	"حسين دهقان"@fas	

<id_1kbfln7_qkd_gvesc6>	<Davoud_Danesh-Jafari>	<redirectedFrom>	"داود دانش جعفری"@fas	

<id_1y6kl4s_qkd_d8p5z>	<fa/عبدالقدیر_آزاد>	<redirectedFrom>	"عبدالقدير آزاد"@fas	

<id_17z05ct_qkd_mx6k42>	<Abdol-Hossein_Mirza_Farmanfarma>	<redirectedFrom>	"عبدالحسين خان فرمانفرما"@fas	

<id_vw0bov_qkd_id2s5b>	<fa/سلطان_محمد_خان_سردار_اشجع>	<redirectedFrom>	"سردار اشجع"@fas	

<id_yjrou3_qkd_1cahnft>	<Mohammad_Reza_Pahlavi>	<redirectedFrom>	"پهلوي دوم"@fas	

<id_gbs6s_qkd_18ca7c>	<Mohammad_Mehdi_Zahedi>	<redirectedFrom>	"محمد‌مهدی زاهدی"@fas	

<id_s4n9ve_qkd_tsil9d>	<Marzieh_Vahid-Dastjerdi>	<redirectedFrom>	"مرضیهٔ وحید دستجردی"@fas	

<id_gso4sh_qkd_z6quxm>	<Mir-Hossein_Mousavi>	<redirectedFrom>	"میرحسین موسوی خامنه ای"@fas	

<id_mofrwn_qkd_1kwdn0n>	<Reza_Malekzadeh>	<redirectedFrom>	"رضا ملك زاده"@fas	

<id_1uz9p_qkd_131cqbn>	<Hossein_Ala'>	<redirectedFrom>	"حسين علاء"@fas	

<id_qsjqvo_qkd_9nyqiu>	<Mohammad_Reza_Ameli_Tehrani>	<redirectedFrom>	"محمد رضا عاملی تهرانی"@fas	

<id_1y25qzu_qkd_1rn8qvm>	<Hamid_Baqai>	<redirectedFrom>	"حميدرضا بقايي"@fas	

<id_12m3lfe_qkd_cw359o>	<Abdolvahed_Mousavi_Lari>	<redirectedFrom>	"عبدالواحد موسوي لاري"@fas	

<id_1on48g6_qkd_bfaxas>	<Gholamhossein_Karbaschi>	<redirectedFrom>	"غلامحسين كرباسچي"@fas	

<id_ostoat_1ia_jk187w>	<Ali_Shakouri-Rad>	rdfs:label	"علی شکوری‌راد"@fas	

<id_i8dlxk_qkd_1wr0xkx>	<fa/امیرقلی_امینی>	<redirectedFrom>	"امیر قلی امینی"@fas	

<id_huz77s_qkd_iqm1j4>	<Mohammad_Nahavandian>	<redirectedFrom>	"نهاوندیان"@fas	

<id_1hh2vqh_qkd_rmldz7>	<Gholam-Hossein_Mohseni-Eje'i>	<redirectedFrom>	"غلامحسين اژه اي"@fas	

<id_x995pm_qkd_jdpr36>	<Jafar_Sharif-Emami>	<redirectedFrom>	"شریف امامی"@fas	

<id_59ityn_qkd_qs8qgw>	<Mozzafar_Baghai>	<redirectedFrom>	"مظفر بقایی کرمانی"@fas	

<id_nfg97j_qkd_8vpc4i>	<Fazlollah_Zahedi>	<redirectedFrom>	"فضل الله خان بصير ديوان"@fas	

<id_136g120_qkd_qwaipv>	<Ardeshir_Zahedi>	<redirectedFrom>	"اردشير زاهدي"@fas	

<id_pv2egt_qkd_6n4sd5>	<Ali_Shariatmadari>	<redirectedFrom>	"علي شريعتمداري"@fas	

<id_13wdbet_qkd_1nhqf17>	<Kamal_Kharazi>	<redirectedFrom>	"كمال خرازي"@fas	

<id_l7nefp_qkd_7k2jgt>	<Nizam_al-Mulk>	<redirectedFrom>	"نظام الملک طوسی"@fas	

<id_goqrwx_1ia_184h3id>	<Rahman_Dadman>	rdfs:label	"رحمان دادمان"@fas	

<id_j6oh03_qkd_18afzld>	<Hassan_Rouhani>	<redirectedFrom>	"حسن فریدون"@fas	

<id_tcj5qw_1ia_iblfsi>	<Mojtaba_Vahedi>	rdfs:label	"مجتبی واحدی"@fas	

<id_1ih5t2o_qkd_t2y1oe>	<Hassan_Ali_Mansur>	<redirectedFrom>	"حسن علی منصور"@fas	

<id_1lxz442_1ia_kk3kbh>	<fa/علی‌اکبر_اشعری>	rdfs:label	"علی‌اکبر اشعری"@fas	

<id_rp5j2f_qkd_1c6geep>	<Ali_Meshkini>	<redirectedFrom>	"ایت‌الله مشکینی"@fas	

<id_av6py_qkd_enehll>	<fa/محمد_فرهادی>	<redirectedFrom>	"محمد فرهادي"@fas	

<id_1dsfxrm_1ia_f9dmb3>	<Mehdi_Bazargan>	rdfs:label	"مهدی بازرگان"@fas	

<id_9ijw8e_qkd_v5owh2>	<fa/میرزا_حسین_اصفهانی>	<redirectedFrom>	"میرزا شاه حسین اصفهانی"@fas	

<id_o566jh_qkd_1uveg3g>	<Nader_Shah>	<redirectedFrom>	"طهماسب قلي خان"@fas	

<id_1y9ovwz_qkd_q8m2ua>	<Ali_Fallahian>	<redirectedFrom>	"فلاحیان"@fas	

<id_qofd3c_qkd_1eanh46>	<Hamid_Sajjadi>	<redirectedFrom>	"حميد سجادي"@fas	

<id_eay1d3_qkd_175ye9y>	<Ali-Qoli_Khan_Bakhtiari>	<redirectedFrom>	"عليقلي سرداراسعد"@fas	

<id_8a7itk_1ia_kcr3zg>	<Javad_Etaat>	rdfs:label	"جواد اطاعت"@fas	

<id_ljjvsd_qkd_1ot0hng>	<Mehdi_Karroubi>	<redirectedFrom>	"كروبي"@fas	

<id_ws18sg_qkd_hcgzyl>	<Ali_Motahari>	<redirectedFrom>	"علي مطهري"@fas	

<id_189yhgx_qkd_7f9sg9>	<Mohammad_Farrokhi_Yazdi>	<redirectedFrom>	"محمد فرخي يزدي"@fas	

<id_ya8uf2_qkd_u758sw>	<Farah_Pahlavi>	<redirectedFrom>	"شهبانو فرح پهلوی"@fas	

<id_o01lon_qkd_1x7hxsa>	<Faezeh_Hashemi>	<redirectedFrom>	"فائزهٔ هاشمي رفسنجاني"@fas	

<id_9y9bez_qkd_1a0xxi1>	<Imam-Quli_Khan>	<redirectedFrom>	"امامقلي خان"@fas	

<id_1qn8b2j_qkd_hfit0e>	<Ali_Younesi>	<redirectedFrom>	"علي يونسي"@fas	

<id_2kxkbl_qkd_82jnf5>	<Ali_Akbar_Mohtashamipur>	<redirectedFrom>	"علي اكبر محتشمي"@fas	

<id_18zvcns_qkd_2x3z2v>	<Shivan_Qaderi>	<redirectedFrom>	"شوانه قادري"@fas	

<id_5lkomt_1ia_1rbe97m>	<fa/محمدرضا_مخبر>	rdfs:label	"محمدرضا مخبر"@fas	

<id_2zrf0y_qkd_cvn6ek>	<Morteza_Motahhari>	<redirectedFrom>	"آيت الله مطهري"@fas	

<id_gayqsm_qkd_1oxkdkj>	<Hassan_Modarres>	<redirectedFrom>	"ايت الله مدرس"@fas	

<id_b8wj56_qkd_1howdo0>	<Mohammad_Kazem_Shariatmadari>	<redirectedFrom>	"ايت الله العظمي شريعتمداري"@fas	

<id_n3asuw_qkd_51kxmx>	<Mehdi_Qoli_Hedayat>	<redirectedFrom>	"ميرزا مهدي قلي خان مخبرالسلطنه"@fas	

<id_igxid_qkd_19wzd10>	<Ghaem_Magham_Farahani>	<redirectedFrom>	"قائم مقام فراهانی"@fas	

<id_1sutk9a_qkd_tekmeu>	<Yahya_Ale_Eshaq>	<redirectedFrom>	"يحيي ال اسحاق"@fas	

<id_l606st_1ia_6xdef8>	<Shamseddin_Hosseini>	rdfs:label	"سید شمس‌الدین حسینی"@fas	

<id_5wzu3j_1ia_yrm97u>	<fa/مهرداد_پهلبد>	rdfs:label	"مهرداد پهلبد"@fas	

<id_zf2pmu_1ia_11ki799>	<Masoud_Mir_Kazemi>	rdfs:label	"مسعود میر کاظمی"@fas	

<id_1cu4v1a_1ia_1wz11h7>	<Ali_Jannati>	rdfs:label	"علی جنتی"@fas	

<id_3rdwvi_qkd_17slsqo>	<Habibollah_Asgaroladi>	<redirectedFrom>	"حبيب الله عسكراولادي"@fas	

<id_g4o00a_qkd_1csezf9>	<Mohammad_Yeganeh>	<redirectedFrom>	"محمد يگانه"@fas	

<id_1p7kqm_1ia_119heea>	<Yasmine_Pahlavi>	rdfs:label	"یاسمین اعتماد امینی"@fas	

<id_1645j2l_qkd_ei9i5s>	<Mohammad-Javad_Bahonar>	<redirectedFrom>	"آيت الله دكتر باهنر"@fas	

<id_7n3z6t_qkd_1vr6dj5>	<Firouz_Mirza_Nosrat-ed-Dowleh_Farman_Farmaian_III>	<redirectedFrom>	"فیروز نصرت الدوله"@fas	

<id_1n1ur73_1ia_2da078>	<fa/محمد_اسلامی>	rdfs:label	"محمد اسلامی"@fas	

<id_itqndn_qkd_1uxvawg>	<Nematollah_Nassiri>	<redirectedFrom>	"سرلشكر نصيري"@fas	

<id_1yw7fk1_qkd_4tkzod>	<Mojtaba_Khamenei>	<redirectedFrom>	"مجتبی خامنه‌ای"@fas	

<id_ey14di_1ia_qs3s0s>	<Mohsen_Aminzadeh>	rdfs:label	"محسن امین‌زاده"@fas	

<id_1c04xrq_qkd_hj2c12>	<fa/امیر_مفخم_بختیاری>	<redirectedFrom>	"شجاع‌السلطان"@fas	

<id_1mp4ftz_qkd_h3i6r1>	<Hossein_Saffar_Harandi>	<redirectedFrom>	"صفار هرندي"@fas	

<id_1f4y4ca_qkd_mrbxkj>	<Abdolmalek_Rigi>	<redirectedFrom>	"مالك ريگي"@fas	

<id_1c8i781_1ia_1gitqee>	<fa/محمد_شریعتمداری>	rdfs:label	"محمد شریعتمداری"@fas	

<id_9jayey_qkd_1t2oagz>	<Emad_Afroogh>	<redirectedFrom>	"عمادالدين افروغ"@fas	

<id_11q9gwh_1ia_z403h6>	<Maryam_Rajavi>	rdfs:label	"مریم رجوی"@fas	

<id_188f32o_qkd_1euswrg>	<fa/علی_مصطفوی>	<redirectedFrom>	"دکتر علی مصطفوی"@fas	

<id_hdcae7_1ia_1g1nodk>	<Tadj_ol-Molouk>	rdfs:label	"تاج‌الملوک آیرملو"@fas	

<id_1ovfmry_qkd_160kwif>	<Ali_Nikzad>	<redirectedFrom>	"نیکزاد"@fas	

<id_1208dv5_qkd_11b8ruw>	<Jahangir_Amuzegar>	<redirectedFrom>	"جهانگير آموزگار"@fas	

<id_wzc3f6_qkd_1i3wzpd>	<Mirza_Hosein_Khan_Moshir_od-Dowleh>	<redirectedFrom>	"ميرزا حسين خان مشيرالدوله"@fas	

<id_1itzycl_qkd_1xwc59e>	<Parvaneh_Eskandari_Forouhar>	<redirectedFrom>	"پروانهٔ اسکندری"@fas	

<id_pni3hh_qkd_r6njqz>	<Rasoul_Khadem>	<redirectedFrom>	"رسول خادم ازغدي"@fas	

<id_xycjm3_qkd_1ukscj8>	<Hashem_Sabbaghian>	<redirectedFrom>	"هاشم صباغيان"@fas	

<id_tt7b2g_1ia_1yyzq1w>	<Safdar_Hosseini>	rdfs:label	"سید صفدر حسینی"@fas	

<id_39eit_1ia_xlm4of>	<Jamshid_Bahman_Jamshidian>	rdfs:label	"جمشید جمشیدیان"@fas	

<id_1l4zkoo_1ia_n4f10i>	<fa/ابوالحسن_خان_مشیرالملک>	rdfs:label	"ابوالحسن خان مشیرالملک"@fas	

<id_g00t8x_qkd_wlamm>	<fa/مهدی_کلهر>	<redirectedFrom>	"مهدي كلهر"@fas	

<id_me00t3_1ia_75uaut>	<Ali_Amini>	rdfs:label	"علی امینی"@fas	

<id_l1gzd6_qkd_7jeccs>	<Mohammad_Javad_Zarif>	<redirectedFrom>	"جواد ظريف"@fas	

<id_gl71yh_qkd_jegt2>	<Morteza_Ansari>	<redirectedFrom>	"شیخ انصاری"@fas	

<id_feo9ha_qkd_1pefop1>	<Fatemeh_Karroubi>	<redirectedFrom>	"فاطمهٔ کروبی"@fas	

<id_1u17as0_1ia_15w77im>	<Mohsen_Hashemi_Rafsanjani>	rdfs:label	"محسن هاشمی رفسنجانی"@fas	

<id_1rxraz0_qkd_nxnub5>	<Fathollah_Khan_Akbar>	<redirectedFrom>	"فتح الله خان سپهدار رشتی"@fas	

<id_1h30tnq_qkd_ohh285>	<fr/Mirza_Riza_Khan>	<redirectedFrom>	"رضا ارفع‌الدوله"@fas	

<id_kbaybe_qkd_1h3m2et>	<Masoumeh_Ebtekar>	<redirectedFrom>	"خواهر مري"@fas	

<id_inoa9d_qkd_zzq7l2>	<Feridoun_Jam>	<redirectedFrom>	"فريدون جم"@fas	

<id_10px2g5_qkd_1fecibc>	<fa/فرامرز_اسدی>	<redirectedFrom>	"فرامرز اسدي"@fas	

<id_1osm1tj_qkd_v6y1og>	<Akbar_Torkan>	<redirectedFrom>	"اكبر تركان"@fas	

<id_1mylome_qkd_orf50o>	<Abdullah_Entezam>	<redirectedFrom>	"عبدالله انتظام وزیری"@fas	

<id_1cvfqbn_qkd_gnbd3x>	<Sadegh_Sharafkandi>	<redirectedFrom>	"دكتر شرفكندي"@fas	

<id_imq5du_qkd_4tvzqi>	<Mohammad-Reza_Mahdavi_Kani>	<redirectedFrom>	"محمد رضا مهدوي كني"@fas	

<id_1bvecay_qkd_56o7us>	<Sadegh_Khalkhali>	<redirectedFrom>	"محمد صادق خلخالی"@fas	

<id_r360jy_qkd_19x8vm3>	<Morteza-Qoli_Bayat>	<redirectedFrom>	"سهام السلطان بيات"@fas	

<id_gcwdb6_qkd_g7pgxx>	<Hassan_Taqizadeh>	<redirectedFrom>	"تقی‌زاده"@fas	

<id_dnsmp0_qkd_1gbzl7d>	<Qazi_Muhammad>	<redirectedFrom>	"قاضي محمد"@fas	

<id_1gn0s1_qkd_1qidk5j>	<Sayyid_Ajjal_Shams_al-Din_Omar>	<redirectedFrom>	"سيد اجل شمس الدين"@fas	

<id_2zp847_1ia_1wy9w36>	<Gholam-Ali_Haddad-Adel>	rdfs:label	"غلامعلی حداد عادل"@fas	

<id_1va8fg1_qkd_kz47xl>	<Saad_ad-Daula>	<redirectedFrom>	"نجفقلی بختیاری"@fas	

<id_1nfbpgc_qkd_ni5vm0>	<fa/ابوالقاسم_خان_بختیار>	<redirectedFrom>	"ابوالقاسم خان بختيار"@fas	

<id_aqjcdb_qkd_1kpn0nq>	<Ali_Larijani>	<redirectedFrom>	"علي املي لاريجاني"@fas	

<id_11po5q1_qkd_1a79cdo>	<Mahmudali_Chehregani>	<redirectedFrom>	"چهرگاني"@fas	

<id_olie5r_qkd_a731va>	<Mohammad-Taqi_Bahar>	<redirectedFrom>	"ملک الشعراء بهار"@fas	

<id_1nber0t_qkd_kgjem4>	<Ahmad_Masjed-Jamei>	<redirectedFrom>	"احمد مسجد جامعي"@fas	

<id_1i8mwpv_1ia_1lpy59v>	<Hossein_Kamali>	rdfs:label	"حسین کمالی"@fas	

<id_wnmkqr_qkd_2fsy7o>	<fa/اسدالله_بادامچیان>	<redirectedFrom>	"اسدالله بادامچيان"@fas	

<id_q4v2d_1ia_khwm4s>	<Mirza_Abolhassan_Khan_Ilchi>	rdfs:label	"ابوالحسن شیرازی"@fas	

<id_1035hnz_qkd_pelrth>	<fa/علی_اکبر_فرازی>	<redirectedFrom>	"علي اكبر فرازي"@fas	

<id_atzwl8_qkd_mwzvx8>	<Kazem_Seddiqi>	<redirectedFrom>	"حجت الاسلام صديقي"@fas	

<id_16niaev_qkd_o5qqvm>	<Haji_Washington>	<redirectedFrom>	"حاجي واشنگتن"@fas	

<id_8k1jzs_1ia_a69wo6>	<fa/میرزا_محمدعلی_سیوندی>	rdfs:label	"میرزا محمدعلی سیوندی"@fas	

<id_15g56lf_qkd_ptkfed>	<de/Ali_Reza_Khan_Azod_al_Molk>	<redirectedFrom>	"عضدالملك"@fas	

<id_xbhnrf_qkd_bks2wx>	<Amir_Kabir>	<redirectedFrom>	"میرزا تقی خان امیر کبیر"@fas	

<id_1mwm0pl_qkd_3pdz0x>	<Mohammed_Sharif_Malekzadeh>	<redirectedFrom>	"شریف ملک زاده"@fas	

<id_t916al_qkd_1u3d7p8>	<fa/حجت‌الله_ایوبی>	<redirectedFrom>	"حجت الله ایوبی"@fas	

<id_19qlbmw_1ia_1cdyslw>	<Mohammad_Salimi>	rdfs:label	"محمد سلیمی"@fas	

<id_1yd3utl_qkd_1ruc92b>	<Mohsen_Rafighdoost>	<redirectedFrom>	"محسن رفيق دوست"@fas	

<id_ggz165_qkd_jj16k6>	<Hamid_Mowlana>	<redirectedFrom>	"سیدحمید مولانا"@fas	

<id_q8qlbv_1ia_z0wmca>	<Sadeq_Larijani>	rdfs:label	"صادق لاریجانی"@fas	

<id_946x3g_qkd_19azrj7>	<Saeed_Emami>	<redirectedFrom>	"سعيدامامي"@fas	

<id_1leph85_qkd_vcim0r>	<Mohammad_Mosaddegh>	<redirectedFrom>	"محمد مصدق السلطنه"@fas	

<id_smhs4t_1ia_1tm88ra>	<Esmat_Dowlatshahi>	rdfs:label	"عصمت دولتشاهی"@fas	

<id_nwa5xs_1ia_1oonvlz>	<Tahmasb_Mazaheri>	rdfs:label	"طهماسب مظاهری"@fas	

<id_1bktwj5_qkd_122fmt6>	<Mohammad_Bagher_Kharazi>	<redirectedFrom>	"محمد باقر خرازی"@fas	

<id_1jx6e1j_qkd_1gxs73i>	<Cabinet_of_Iran>	<redirectedFrom>	"کابینه ایران"@fas	

<id_1jewn11_qkd_8dt23w>	<fa/محمدجواد_فریدزاده>	<redirectedFrom>	"محمدجواد فريدزاده"@fas	

<id_3s7j94_qkd_1muook1>	<Mohamed_Morsi>	<redirectedFrom>	"محمد مرسي"@fas	

<id_8hk6tt_1ia_11u3ymq>	<Abbas_Ahmad_Akhoundi>	rdfs:label	"عباس احمد آخوندی"@fas	

<id_xa4vdc_1ia_176ek2>	<Haji_Baba_Sheikh>	rdfs:label	"حاجی باباشیخ"@fas	

<id_8rhs39_qkd_1b0d0te>	<Asadollah_Alam>	<redirectedFrom>	"امير اسدالله علم"@fas	

<id_1getz4o_qkd_id6fkk>	<Kuchik_Khan>	<redirectedFrom>	"سردار جنگل"@fas	

<id_gh86d8_1ia_188b7df>	<Manouchehr_Eghbal>	rdfs:label	"منوچهر اقبال"@fas	

<id_nbqjw7_qkd_hdjbh7>	<Fawzia_Fuad_of_Egypt>	<redirectedFrom>	"پرنسس فوزيه"@fas	

<id_g2vmqk_qkd_s9chg6>	<fa/سیروس_آموزگار>	<redirectedFrom>	"سيروس اموزگار"@fas	

<id_1k0pt3c_1ia_1wz2l3a>	<Ali_Dashti>	rdfs:label	"علی دشتی"@fas	

<id_1ik5xgi_qkd_nrj6as>	<Ata'ollah_Mohajerani>	<redirectedFrom>	"سید عطاالله مهاجرانی"@fas	

<id_elybiw_qkd_x5jwks>	<Habibollah_Bitaraf>	<redirectedFrom>	"حبیب الله بیطرف"@fas	

<id_1p8qhak_qkd_1e9u421>	<Behzad_Nabavi>	<redirectedFrom>	"بهزاد نبوي"@fas	

<id_109gaa6_qkd_1aodek2>	<Gholam-Hossein_Elham>	<redirectedFrom>	"غلامحسين الهام"@fas	

<id_obsyi_qkd_y915yb>	<Saeed_Jalili>	<redirectedFrom>	"سعيد جليلي"@fas	

<id_6hrs7q_qkd_vtkl1f>	<Mohammad_Reza_Aref>	<redirectedFrom>	"دكتر عارف"@fas	

<id_11670mh_qkd_xzfv29>	<Mostafa_Pourmohammadi>	<redirectedFrom>	"مصطفي پورمحمدي"@fas	

<id_nm80sx_qkd_6g6xky>	<Nasrollah_Entezam>	<redirectedFrom>	"نصرالله انتظام وزيري"@fas	

<id_16cuvht_qkd_pxuuy2>	<Sadegh_Mahsouli>	<redirectedFrom>	"محمدصادق محصولي"@fas	

<id_1nva4tw_qkd_1752j5q>	<Ali_Murad_Davudi>	<redirectedFrom>	"عليمراد داودي"@fas	

<id_1g4xm1y_qkd_1wxx8uy>	<Ismail_Mumtaz>	<redirectedFrom>	"اسماعيل ممتاز"@fas	

<id_fxcn0k_qkd_kk1xzf>	<fa/محمد_تقی_خان_بختیاری>	<redirectedFrom>	"محمد تقي خان بختياري"@fas	

<id_1cyrfyl_qkd_1onc4j7>	<Shirin_Ebadi>	<redirectedFrom>	"عبادي"@fas	

<id_nb6hgd_qkd_yrd8m4>	<Ali_Shayegan>	<redirectedFrom>	"دكتر شايگان"@fas	

<id_1xyzlur_qkd_1qcxsr6>	<Amir_Reza_Khadem>	<redirectedFrom>	"اميررضا خادم"@fas	

<id_ybxt8k_qkd_1avp70i>	<Gholam_Hossein_Sadighi>	<redirectedFrom>	"غلامحسين صديقي"@fas	

<id_1iz45r_qkd_14kb1no>	<Hassan_Abbasi>	<redirectedFrom>	"حسن عباسي (تحليل گر سياسي)"@fas	

<id_1aejxfk_qkd_bz328p>	<Abdolreza_Rahmani_Fazli>	<redirectedFrom>	"رحمانی فضلی"@fas	

<id_1ga958v_qkd_4ss7qx>	<Mohammad_Saeedikia>	<redirectedFrom>	"محمد سعیدی کیا"@fas	

<id_nka0o6_qkd_e7w83r>	<Amir_Abdollah_Tahmasebi>	<redirectedFrom>	"عبدالله‌خان امیر طهماسبی"@fas	

<id_1kvk94c_1ia_13zcw9>	<Akbar_Mohammadi_(student)>	rdfs:label	"اکبر محمدی (فعال دانشجویی)"@fas	

<id_kqy7tr_qkd_166y37r>	<Karim_Sanjabi>	<redirectedFrom>	"كريم سنجابي"@fas	

<id_o2czql_qkd_rw6xok>	<Amir_Mohebbian>	<redirectedFrom>	"امير محبيان"@fas	

<id_n468ye_qkd_11lw386>	<Parviz_Kazemi>	<redirectedFrom>	"پرويز كاظمي"@fas	

<id_16j4yki_1ia_5nylwf>	<Nasser_Hejazi>	rdfs:label	"ناصر حجازی"@fas	

<id_1b43ekz_qkd_it66lb>	<Dariush_Forouhar>	<redirectedFrom>	"داريوش فروهر"@fas	

<id_1ggrjjs_qkd_1b4mniq>	<Kamal_Habibollahi>	<redirectedFrom>	"کمال الدین میرحبیب اللهی"@fas	

<id_hp2wo_qkd_19bdhw3>	<Mohammad_Reyshahri>	<redirectedFrom>	"ری شهری"@fas	

<id_1sjezrd_1ia_l8pdqd>	<Jamileh_Kadivar>	rdfs:label	"جمیله کدیور"@fas	

<id_1fvjcn8_qkd_q45qy6>	<Hossein_Fatemi>	<redirectedFrom>	"سیدحسین فاطمی"@fas	

<id_l7405p_1ia_7jxdru>	<fa/منصور_روحانی>	rdfs:label	"منصور روحانی"@fas	

<id_61133w_qkd_1b4txkg>	<Khadijeh_Saqafi>	<redirectedFrom>	"خديجهٔ ثقفي"@fas	

<id_1h8zcle_qkd_12mgc8i>	<Eshaq_Jahangiri>	<redirectedFrom>	"اسحاق جهانگيري"@fas	

<id_3h9vwh_1ia_1kdqjv>	<Mirza_Nasrullah_Khan>	rdfs:label	"نصرالله مشیرالدوله"@fas	

<id_1o7vwmc_1ia_1deo1tu>	<Hasan_Arfa>	rdfs:label	"حسن ارفع"@fas	

<id_r9r4p5_qkd_1a5qaho>	<Hasan_Arsanjani>	<redirectedFrom>	"حسن ارسنجاني"@fas	

<id_1wc1ttl_1ia_1pq6hdd>	<Ali-Reza_Asgari>	rdfs:label	"علیرضا عسگری"@fas	

<id_2fed1t_qkd_1qsjboc>	<Taqi_Arani>	<redirectedFrom>	"دكتر اراني"@fas	

<id_34sajk_qkd_5v2x21>	<fa/حاج_باباخان_اردبیلی>	<redirectedFrom>	"حاج بابا اردبيلي"@fas	

<id_186r1nc_qkd_zwu0po>	<Mohsen_Nourbakhsh>	<redirectedFrom>	"سيد محسن نوربخش"@fas	

<id_1185dh3_qkd_1cgo9nl>	<Mohammad_Abbasi>	<redirectedFrom>	"محمد عباسي"@fas	

<id_1oofkvw_qkd_1ygdnng>	<Amir-Abbas_Hoveyda>	<redirectedFrom>	"عباس هويدا"@fas	

<id_3lijwy_1ia_31odl2>	<Ashraf_Dehghani>	rdfs:label	"اشرف دهقانی"@fas	

<id_72x39l_1ia_1j5kesk>	<Mehdi_Hashemi>	rdfs:label	"سید مهدی هاشمی"@fas	

<id_ygr2gh_qkd_ogw3w7>	<Farrokhroo_Parsa>	<redirectedFrom>	"فَرُّخ‌رو پارسا"@fas	

<id_zjjy29_1ia_1cb96za>	<Nasser_Moghadam>	rdfs:label	"ناصر مقدم"@fas	

<id_qqx2eh_qkd_l7ykvf>	<Hassan_Nayebagha>	<redirectedFrom>	"حسن نايب اقا"@fas	

<id_1iwoay6_qkd_1wftr6o>	<Zahra_Eshraghi>	<redirectedFrom>	"زهرا اشراقي"@fas	

<id_kqulwb_qkd_16049um>	<Parviz_Fattah>	<redirectedFrom>	"سید پرویز فتاح"@fas	

<id_19joj6t_qkd_11awip4>	<Parviz_Davoodi>	<redirectedFrom>	"پرويز داودي"@fas	

<id_tnnw4m_1ia_soovh8>	<Mostafa_Moeen>	rdfs:label	"مصطفی معین"@fas	

<id_3d0t83_qkd_gfi51b>	<Hassan_Khomeini>	<redirectedFrom>	"سيدحسن خميني"@fas	

<id_1gikrte_qkd_zdlq7>	<Shams_Pahlavi>	<redirectedFrom>	"شمس پهلوي"@fas	

<id_159v3hb_qkd_jv7x6i>	<Alireza_Zakani>	<redirectedFrom>	"عليرضا زاكاني"@fas	

<id_tgcsqy_qkd_1hajzfq>	<Sattar_Khan>	<redirectedFrom>	"سردار ملي"@fas	

<id_1uk8gyv_qkd_5gi4nt>	<Ahmad_Vahidi>	<redirectedFrom>	"سردار احمد وحیدی"@fas	

<id_111im9r_qkd_1fopz4v>	<Teymur_Bakhtiar>	<redirectedFrom>	"سپهبد تيمور بختيار"@fas	

<id_43caqn_qkd_11jekrx>	<Morteza_Mohammadkhan>	<redirectedFrom>	"مرتضي محمدخان"@fas	

<id_klzu2r_qkd_1q4d8k8>	<Abbas_Foroughi_Bastami>	<redirectedFrom>	"فروغي بسطامي"@fas	

<id_bq6go2_qkd_djll9w>	<Reza_Sheykholeslam>	<redirectedFrom>	"عبدالرضا شيخ الاسلامي"@fas	

<id_nbs1hl_qkd_18e4pi>	<Alireza_Marandi>	<redirectedFrom>	"علي رضا مرندي"@fas	

<id_xrnirh_qkd_mloj13>	<fa/سید_ابراهیم_رئیسی>	<redirectedFrom>	"ابراهيم رئيسي"@fas	

<id_khxzk8_qkd_161izum>	<Jafar_Towfighi>	<redirectedFrom>	"جعفر توفيقي داريان"@fas	

<id_avdchq_qkd_g5e380>	<Hamid-Reza_Haji_Babaee>	<redirectedFrom>	"حاجی‌بابایی"@fas	

<id_n4xz09_1ia_1ahn5no>	<de/Seyed_Mehdi_Miraboutalebi>	rdfs:label	"سید مهدی میرابوطالبی"@fas	

<id_3oo5r9_qkd_4umml2>	<Iradj_Fazel>	<redirectedFrom>	"ايرج فاضل"@fas	

<id_1ou12zj_qkd_se83kd>	<fa/یوسف_خان_امیر_مجاهد>	<redirectedFrom>	"امير مجاهد"@fas	

<id_ph8sdk_qkd_qg93xl>	<Mohammad-Reza_Eskandari>	<redirectedFrom>	"محمدرضا اسكندري"@fas	

<id_11e3t5p_qkd_cihcbn>	<Mohammad_Gharazi>	<redirectedFrom>	"مهندس غرضي"@fas	

<id_nwh6sm_qkd_11do7of>	<Mohammad_Bagher_Nobakht>	<redirectedFrom>	"محمدباقر نوبخت حقيقي"@fas	

<id_17ixtta_1ia_wg9ygd>	<Massoud_Rajavi>	rdfs:label	"مسعود رجوی"@fas	

<id_u8iaf5_qkd_plaorr>	<Patrick_Ali_Pahlavi>	<redirectedFrom>	"علي پاتريك پهلوي"@fas	

<id_z5yarm_qkd_84fmlr>	<Jamshid_Amouzegar>	<redirectedFrom>	"جمشید اموزگار"@fas	

<id_1v1b1z2_qkd_9kpsmk>	<Majid_Namjoo>	<redirectedFrom>	"مجيد نامجو"@fas	

<id_1ot21sh_1ia_pk3vy0>	<Piruz_Dilanchi>	rdfs:label	"پیروز دیلنچی"@fas	

<id_1cqg9qt_qkd_18eyqef>	<Manutchehr_Salimi>	<redirectedFrom>	"منوچهر سليمي"@fas	

<id_1fd406n_qkd_eecmur>	<Mohammad_Marandi>	<redirectedFrom>	"سید محمد مرندی"@fas	

<id_3u9yei_1ia_tfotbb>	<Effat_Marashi>	rdfs:label	"عفت مرعشی"@fas	

<id_1g3pfm2_qkd_1cwr8r7>	<Kamran_Daneshjoo>	<redirectedFrom>	"كامران دانشجو"@fas	

<id_8cqx30_1ia_vv7bse>	<Bahram_Mavaddat>	rdfs:label	"بهرام مودت"@fas	

<id_v5drx5_qkd_i03w82>	<Dariush_Homayoon>	<redirectedFrom>	"داريوش همايون"@fas	

<id_16aouzn_qkd_1o8g5jk>	<fa/عباس_امیری‌فر>	<redirectedFrom>	"عباس اميري فر"@fas	

<id_1hpzy53_qkd_inpdxc>	<Sheikh_Ali_khan_Zangeneh>	<redirectedFrom>	"شیخ علی خان زنگنه"@fas	

<id_1mlc0a0_1ia_ny9mlu>	<Ahmad_Khorram>	rdfs:label	"احمد خرم"@fas	

<id_1i8hwji_qkd_1myaeg8>	<fa/سید_عبدالباقی_شیرازی>	<redirectedFrom>	"سيد عبدالباقي شيرازي"@fas	

<id_f5cunm_qkd_146w5ac>	<Hassan-i_Sabbah>	<redirectedFrom>	"حسن صبّاح"@fas	

<id_1nkmg0l_1ia_1ubosia>	<Mostafa_Kavakebian>	rdfs:label	"مصطفی کواکبیان"@fas	

<id_99ud2h_qkd_jrn5vy>	<Hushang_Ansary>	<redirectedFrom>	"هوشنگ انصاري"@fas	

<id_duhscl_qkd_1q7cdv6>	<Levon_Davidian>	<redirectedFrom>	"لون داويديان"@fas	

<id_eh1jiw_qkd_1m03je5>	<fa/محمدکاظم_سجادپور>	<redirectedFrom>	"سید محمدکاظم سجادپور"@fas	

<id_zrat6l_qkd_1jhcqo9>	<Abdol_Hossein_Sardari>	<redirectedFrom>	"عبدالحسين سردري"@fas	

<id_1buoge0_qkd_jeafh3>	<fa/صفی_قلی‌خان>	<redirectedFrom>	"صفی قلی خان"@fas	

<id_b49piy_1ia_1wi7547>	<fa/الیاس_نادران>	rdfs:label	"الیاس نادران"@fas	

<id_1kqm074_qkd_1avbuxk>	<Masoud_Pezeshkian>	<redirectedFrom>	"مسعود پزشكيان"@fas	

<id_19ennws_1ia_7ch3wh>	<Ali_Soheili>	rdfs:label	"علی سهیلی"@fas	

<id_hyvfvs_1ia_ufxka2>	<Hamid_Behbahani>	rdfs:label	"حمید بهبهانی"@fas	

<id_ne2ar_qkd_gkzi9z>	<Mohammad-Reza_Bahonar>	<redirectedFrom>	"محمد رضا باهنر"@fas	

<id_10h8oj0_qkd_1df38i4>	<Kazem_Rajavi>	<redirectedFrom>	"كاظم رجوي"@fas	

<id_p4ld3n_qkd_13tcq39>	<Sadegh_Ghotbzadeh>	<redirectedFrom>	"صادق قطب زاده"@fas	

<id_be0huv_qkd_zf4py0>	<Amirreza_Amirbakhtiar>	<redirectedFrom>	"اميررضا اميربختيار"@fas	

<id_hje39r_qkd_1w4x93k>	<Jamal_Karimi-Rad>	<redirectedFrom>	"جمال كريمي راد"@fas	

<id_1pespgi_1ia_1am3hv9>	<Mohammad_Soleimani>	rdfs:label	"محمد سلیمانی"@fas	

<id_1j5qaqp_1ia_v9qyiz>	<Habibollah_Peyman>	rdfs:label	"حبیب‌الله پیمان"@fas	

<id_gbrght_1ia_1mup06l>	<Mohammad_Mofatteh>	rdfs:label	"محمد مفتح"@fas	

<id_rnjpj0_qkd_1wjeo6h>	<Davoud_Ahmadinejad>	<redirectedFrom>	"داوود احمدي نژاد"@fas	

<id_1couyr1_1ia_1liwmlq>	<Abdolhossein_Teymourtash>	rdfs:label	"عبدالحسین تیمورتاش"@fas	

<id_14t17p_qkd_1f7wjob>	<Ali-Akbar_Davar>	<redirectedFrom>	"علي اكبر داور"@fas	

<id_1vz398y_1ia_1mkp6iu>	<Alireza_Tahmasbi>	rdfs:label	"علیرضا طهماسبی"@fas	

<id_1u56tr1_1ia_h6pvyj>	<Ahmad_Moftizadeh>	rdfs:label	"احمد مفتی‌زاده"@fas	

<id_k5f8q7_qkd_ih2xcj>	<Gholamreza_Nikpey>	<redirectedFrom>	"غلامرضا نيك پي"@fas	

<id_1u6k5mm_1ia_1smb06p>	<Mohammadreza_Nematzadeh>	rdfs:label	"محمدرضا نعمت‌زاده"@fas	

<id_pn95lv_1ia_1ujbvdf>	<Mehdi_Ghazanfari>	rdfs:label	"مهدی غضنفری"@fas	

<id_4mbovy_qkd_1hxew9q>	<Abbas_Ali_Khalatbari>	<redirectedFrom>	"عباسعلي خلعتبري"@fas	

<id_17z46cb_1ia_12734ta>	<Noureddin_Kianouri>	rdfs:label	"نورالدین کیانوری"@fas	

<id_8ozwvo_1ia_1f9lst>	<Reza_Zanjani>	rdfs:label	"سید رضا زنجانی"@fas	

<id_v1jvw0_qkd_1b5h435>	<Gholam_Hossein_Nozari>	<redirectedFrom>	"غلامحسين نوذري"@fas	

<id_twovi1_1ia_xfikt6>	<Div_Sultan_Rumlu>	rdfs:label	"دیوسلطان"@fas	

<id_1h4969d_qkd_cjknqv>	<Iraj_Eskandari>	<redirectedFrom>	"ايرج اسكندري"@fas	

<id_1jabkti_1ia_1w9ex3c>	<Parviz_Varjavand>	rdfs:label	"پرویز ورجاوند"@fas	

<id_1lwgtll_qkd_1b6p4hc>	<Rostam_Ghasemi>	<redirectedFrom>	"رستم قاسمي"@fas	

<id_1jxk4gv_qkd_13zpf68>	<ar/حسن_‌أمیني>	<redirectedFrom>	"حسن اميني"@fas	

<id_10o4x6e_1ia_oec089>	<Esfandiar_Rahim_Mashaei>	rdfs:label	"اسفندیار رحیم‌مشایی"@fas	

<id_1ly0i5m_1ia_18atvrr>	<fa/زکریا_انصاری>	rdfs:label	"زکریا انصاری"@fas	

<id_cvfaf6_qkd_n5awcb>	<Sadegh_Tabatabai>	<redirectedFrom>	"صادق طباطبايي"@fas	

<id_xkmny9_1ia_11g1fxx>	<Hassan_Sobhani>	rdfs:label	"حسن سبحانی"@fas	

<id_zqudn4_1ia_bleq9e>	<Abdol_Majid_Mirza>	rdfs:label	"عین‌الدوله"@fas	

<id_1hxlqrl_1ia_2jsg4u>	<fa/حمیدرضا_کاتوزیان>	rdfs:label	"حمیدرضا کاتوزیان"@fas	

<id_1rx52ru_1ia_1w7gly7>	<fa/لیلی_امیرارجمند>	rdfs:label	"لیلی امیرارجمند"@fas	

<id_kgpezs_1ia_oxngou>	<Abolfazl_Fateh>	rdfs:label	"ابوالفضل فاتح"@fas	

